use QLCDe
insert into HOCKI (TenHocKi, NamHoc) values (1, 2015);
insert into HOCKI (TenHocKi, NamHoc) values (2, 2015);
insert into HOCKI (TenHocKi, NamHoc) values (3, 2015);
insert into HOCKI (TenHocKi, NamHoc) values (4, 2015);
insert into HOCKI (TenHocKi, NamHoc) values (5, 2015);
insert into HOCKI (TenHocKi, NamHoc) values (6, 2015);
insert into SINHVIEN (MaSinhVien, HoTen, Phai, NgaySinh, DiaChi) values (1, 'Aida Charnley', 'Female', '6/5/1997', '36430 Hoard Hill');
insert into SINHVIEN (MaSinhVien, HoTen, Phai, NgaySinh, DiaChi) values (2, 'Mariel Partkya', 'Female', '11/8/1997', '94145 Coolidge Point');
insert into SINHVIEN (MaSinhVien, HoTen, Phai, NgaySinh, DiaChi) values (3, 'Reinaldos Macia', 'Male', '6/5/1997', '73 Forest Dale Crossing');
insert into SINHVIEN (MaSinhVien, HoTen, Phai, NgaySinh, DiaChi) values (4, 'Sherie Dabinett', 'Female', '6/21/1997', '7 Vidon Junction');
insert into SINHVIEN (MaSinhVien, HoTen, Phai, NgaySinh, DiaChi) values (5, 'Bogart Caile', 'Male', '12/4/1997', '23 Pleasure Park');
insert into SINHVIEN (MaSinhVien, HoTen, Phai, NgaySinh, DiaChi) values (6, 'Maurizia Denny', 'Female', '4/27/1997', '3714 Luster Junction');
insert into SINHVIEN (MaSinhVien, HoTen, Phai, NgaySinh, DiaChi) values (7, 'Minne Jankovic', 'Female', '11/2/1997', '7 Pond Park');
insert into SINHVIEN (MaSinhVien, HoTen, Phai, NgaySinh, DiaChi) values (8, 'Minda Breens', 'Female', '4/6/1997', '041 Cambridge Crossing');
insert into SINHVIEN (MaSinhVien, HoTen, Phai, NgaySinh, DiaChi) values (9, 'Kass Eggers', 'Female', '2/13/1997', '6256 2nd Drive');
insert into SINHVIEN (MaSinhVien, HoTen, Phai, NgaySinh, DiaChi) values (10, 'Colan Djekic', 'Male', '9/20/1997', '32028 Coolidge Drive');
insert into SINHVIEN (MaSinhVien, HoTen, Phai, NgaySinh, DiaChi) values (11, 'Inigo Weedon', 'Male', '5/25/1997', '785 Di Loreto Center');
insert into SINHVIEN (MaSinhVien, HoTen, Phai, NgaySinh, DiaChi) values (12, 'Veronique Scherme', 'Female', '1/28/1997', '666 Glacier Hill Place');
insert into SINHVIEN (MaSinhVien, HoTen, Phai, NgaySinh, DiaChi) values (13, 'Ernie Pointon', 'Male', '3/29/1997', '4264 Fairfield Park');
insert into SINHVIEN (MaSinhVien, HoTen, Phai, NgaySinh, DiaChi) values (14, 'Hesther Egle', 'Female', '7/28/1997', '136 Sommers Avenue');
insert into SINHVIEN (MaSinhVien, HoTen, Phai, NgaySinh, DiaChi) values (15, 'Marlie Cullinan', 'Female', '7/1/1997', '8855 Derek Terrace');
insert into SINHVIEN (MaSinhVien, HoTen, Phai, NgaySinh, DiaChi) values (16, 'Moira Epton', 'Female', '11/15/1997', '39 Almo Drive');
insert into SINHVIEN (MaSinhVien, HoTen, Phai, NgaySinh, DiaChi) values (17, 'Dalli Heggadon', 'Male', '1/6/1997', '0 Kedzie Trail');
insert into SINHVIEN (MaSinhVien, HoTen, Phai, NgaySinh, DiaChi) values (18, 'Joyann Mc Harg', 'Female', '4/14/1997', '607 Quincy Point');
insert into SINHVIEN (MaSinhVien, HoTen, Phai, NgaySinh, DiaChi) values (19, 'Livvyy Ganter', 'Female', '6/28/1997', '3218 Scott Street');
insert into SINHVIEN (MaSinhVien, HoTen, Phai, NgaySinh, DiaChi) values (20, 'Brenden Withnall', 'Male', '3/4/1997', '341 International Pass');
insert into SINHVIEN (MaSinhVien, HoTen, Phai, NgaySinh, DiaChi) values (21, 'Caryn Jeary', 'Female', '8/27/1997', '29 Spenser Parkway');
insert into SINHVIEN (MaSinhVien, HoTen, Phai, NgaySinh, DiaChi) values (22, 'Jerrylee Rodda', 'Female', '7/6/1997', '96 Katie Place');
insert into SINHVIEN (MaSinhVien, HoTen, Phai, NgaySinh, DiaChi) values (23, 'Farlee Bish', 'Male', '11/23/1997', '42767 Loeprich Avenue');
insert into SINHVIEN (MaSinhVien, HoTen, Phai, NgaySinh, DiaChi) values (24, 'Vachel Jago', 'Male', '2/10/1997', '625 Wayridge Crossing');
insert into SINHVIEN (MaSinhVien, HoTen, Phai, NgaySinh, DiaChi) values (25, 'Wilona Kenworthey', 'Female', '2/6/1997', '7 1st Trail');
insert into SINHVIEN (MaSinhVien, HoTen, Phai, NgaySinh, DiaChi) values (26, 'Xenia McGeffen', 'Female', '11/22/1997', '75579 Sundown Terrace');
insert into SINHVIEN (MaSinhVien, HoTen, Phai, NgaySinh, DiaChi) values (27, 'Agnese Mousby', 'Female', '3/12/1997', '2 Hudson Court');
insert into SINHVIEN (MaSinhVien, HoTen, Phai, NgaySinh, DiaChi) values (28, 'Chrysa Eastment', 'Female', '2/19/1997', '2581 Wayridge Center');
insert into SINHVIEN (MaSinhVien, HoTen, Phai, NgaySinh, DiaChi) values (29, 'Ruthanne Tresvina', 'Female', '3/17/1997', '9 Bellgrove Crossing');
insert into SINHVIEN (MaSinhVien, HoTen, Phai, NgaySinh, DiaChi) values (30, 'Dewey Anger', 'Male', '2/10/1997', '874 Anhalt Center');
insert into SINHVIEN (MaSinhVien, HoTen, Phai, NgaySinh, DiaChi) values (31, 'Daphene Dyerson', 'Female', '9/29/1997', '66497 Eggendart Court');
insert into SINHVIEN (MaSinhVien, HoTen, Phai, NgaySinh, DiaChi) values (32, 'Vernen Drews', 'Male', '11/4/1997', '5878 Dexter Avenue');
insert into SINHVIEN (MaSinhVien, HoTen, Phai, NgaySinh, DiaChi) values (33, 'Bobbie Cranstone', 'Male', '4/30/1997', '94 Prentice Alley');
insert into SINHVIEN (MaSinhVien, HoTen, Phai, NgaySinh, DiaChi) values (34, 'Armstrong Bernardotte', 'Male', '7/22/1997', '837 Weeping Birch Drive');
insert into SINHVIEN (MaSinhVien, HoTen, Phai, NgaySinh, DiaChi) values (35, 'Freddy Friese', 'Male', '11/4/1997', '861 North Crossing');
insert into SINHVIEN (MaSinhVien, HoTen, Phai, NgaySinh, DiaChi) values (36, 'Van Yockney', 'Female', '7/11/1997', '83 Menomonie Court');
insert into SINHVIEN (MaSinhVien, HoTen, Phai, NgaySinh, DiaChi) values (37, 'Marline Pawden', 'Female', '6/6/1997', '6 Bluestem Terrace');
insert into SINHVIEN (MaSinhVien, HoTen, Phai, NgaySinh, DiaChi) values (38, 'Ferd Lange', 'Male', '6/8/1997', '05 Evergreen Park');
insert into SINHVIEN (MaSinhVien, HoTen, Phai, NgaySinh, DiaChi) values (39, 'Reece Coo', 'Male', '3/25/1997', '88 Helena Alley');
insert into SINHVIEN (MaSinhVien, HoTen, Phai, NgaySinh, DiaChi) values (40, 'Padgett MacGillreich', 'Male', '3/3/1997', '14 Golden Leaf Parkway');
insert into SINHVIEN (MaSinhVien, HoTen, Phai, NgaySinh, DiaChi) values (41, 'Valli Surridge', 'Female', '5/19/1997', '8658 Hallows Plaza');
insert into SINHVIEN (MaSinhVien, HoTen, Phai, NgaySinh, DiaChi) values (42, 'Darlleen Bogey', 'Female', '8/2/1997', '285 Onsgard Alley');
insert into SINHVIEN (MaSinhVien, HoTen, Phai, NgaySinh, DiaChi) values (43, 'Gideon Guild', 'Male', '1/15/1997', '3 Kingsford Alley');
insert into SINHVIEN (MaSinhVien, HoTen, Phai, NgaySinh, DiaChi) values (44, 'Kilian Meatcher', 'Male', '4/20/1997', '70 Merrick Parkway');
insert into SINHVIEN (MaSinhVien, HoTen, Phai, NgaySinh, DiaChi) values (45, 'Fidela Hofton', 'Female', '8/25/1997', '52944 Sutteridge Circle');
insert into SINHVIEN (MaSinhVien, HoTen, Phai, NgaySinh, DiaChi) values (46, 'Alphonso Pordal', 'Male', '6/19/1997', '3340 Daystar Hill');
insert into SINHVIEN (MaSinhVien, HoTen, Phai, NgaySinh, DiaChi) values (47, 'Kirstyn Stollwerck', 'Female', '1/30/1997', '84 Sunnyside Road');
insert into SINHVIEN (MaSinhVien, HoTen, Phai, NgaySinh, DiaChi) values (48, 'Wendy Pelchat', 'Female', '8/14/1997', '3 Laurel Place');
insert into SINHVIEN (MaSinhVien, HoTen, Phai, NgaySinh, DiaChi) values (49, 'Emerson Durham', 'Male', '9/3/1997', '26 Evergreen Park');
insert into SINHVIEN (MaSinhVien, HoTen, Phai, NgaySinh, DiaChi) values (50, 'Barnabe Kadar', 'Male', '6/14/1997', '8664 Londonderry Plaza');
insert into SINHVIEN (MaSinhVien, HoTen, Phai, NgaySinh, DiaChi) values (51, 'Nellie Dwine', 'Female', '4/15/1997', '1520 Acker Point');
insert into SINHVIEN (MaSinhVien, HoTen, Phai, NgaySinh, DiaChi) values (52, 'Minne Pinchbeck', 'Female', '11/2/1997', '1 Scott Trail');
insert into SINHVIEN (MaSinhVien, HoTen, Phai, NgaySinh, DiaChi) values (53, 'Rory Boyn', 'Male', '3/6/1997', '68873 Hollow Ridge Terrace');
insert into SINHVIEN (MaSinhVien, HoTen, Phai, NgaySinh, DiaChi) values (54, 'Roselle Cranmor', 'Female', '7/5/1997', '6920 Namekagon Plaza');
insert into SINHVIEN (MaSinhVien, HoTen, Phai, NgaySinh, DiaChi) values (55, 'Nike Collman', 'Female', '7/29/1997', '7653 Mosinee Park');
insert into SINHVIEN (MaSinhVien, HoTen, Phai, NgaySinh, DiaChi) values (56, 'Othilia Zincke', 'Female', '3/6/1997', '292 Burning Wood Court');
insert into SINHVIEN (MaSinhVien, HoTen, Phai, NgaySinh, DiaChi) values (57, 'Harrietta Tomkins', 'Female', '5/1/1997', '7 Alpine Street');
insert into SINHVIEN (MaSinhVien, HoTen, Phai, NgaySinh, DiaChi) values (58, 'Natal Rahl', 'Male', '6/21/1997', '748 Reindahl Road');
insert into SINHVIEN (MaSinhVien, HoTen, Phai, NgaySinh, DiaChi) values (59, 'Kerianne Craigmyle', 'Female', '7/14/1997', '7488 Prentice Terrace');
insert into SINHVIEN (MaSinhVien, HoTen, Phai, NgaySinh, DiaChi) values (60, 'Aggy Maffione', 'Female', '2/22/1997', '8310 Morning Drive');
insert into SINHVIEN (MaSinhVien, HoTen, Phai, NgaySinh, DiaChi) values (61, 'Kalie Cowin', 'Female', '4/6/1997', '47 Village Point');
insert into SINHVIEN (MaSinhVien, HoTen, Phai, NgaySinh, DiaChi) values (62, 'Jacquelynn Noton', 'Female', '4/30/1997', '6 Russell Lane');
insert into SINHVIEN (MaSinhVien, HoTen, Phai, NgaySinh, DiaChi) values (63, 'Felice Fassbindler', 'Male', '4/21/1997', '04396 1st Court');
insert into SINHVIEN (MaSinhVien, HoTen, Phai, NgaySinh, DiaChi) values (64, 'Darill Fraanchyonok', 'Male', '9/11/1997', '9738 Fair Oaks Junction');
insert into SINHVIEN (MaSinhVien, HoTen, Phai, NgaySinh, DiaChi) values (65, 'Shara Monkeman', 'Female', '7/11/1997', '005 Vidon Alley');
insert into SINHVIEN (MaSinhVien, HoTen, Phai, NgaySinh, DiaChi) values (66, 'Cecily Richel', 'Female', '8/4/1997', '60987 Vera Trail');
insert into SINHVIEN (MaSinhVien, HoTen, Phai, NgaySinh, DiaChi) values (67, 'Law Pont', 'Male', '5/15/1997', '1843 Morrow Lane');
insert into SINHVIEN (MaSinhVien, HoTen, Phai, NgaySinh, DiaChi) values (68, 'Brandice Colyer', 'Female', '1/13/1997', '4940 Express Terrace');
insert into SINHVIEN (MaSinhVien, HoTen, Phai, NgaySinh, DiaChi) values (69, 'Hal O''Hickey', 'Male', '10/17/1997', '437 Annamark Trail');
insert into SINHVIEN (MaSinhVien, HoTen, Phai, NgaySinh, DiaChi) values (70, 'Dorey Laister', 'Female', '12/6/1997', '47 Vahlen Crossing');
insert into SINHVIEN (MaSinhVien, HoTen, Phai, NgaySinh, DiaChi) values (71, 'Maddy McNeillie', 'Male', '8/9/1997', '51133 Green Ridge Plaza');
insert into SINHVIEN (MaSinhVien, HoTen, Phai, NgaySinh, DiaChi) values (72, 'Vasili Brasier', 'Male', '5/17/1997', '8 Manitowish Alley');
insert into SINHVIEN (MaSinhVien, HoTen, Phai, NgaySinh, DiaChi) values (73, 'Werner Saul', 'Male', '11/11/1997', '5 Hallows Point');
insert into SINHVIEN (MaSinhVien, HoTen, Phai, NgaySinh, DiaChi) values (74, 'Miguel Dunston', 'Male', '6/5/1997', '101 Lotheville Way');
insert into SINHVIEN (MaSinhVien, HoTen, Phai, NgaySinh, DiaChi) values (75, 'Gabriella Cosson', 'Female', '6/1/1997', '98673 Fairview Alley');
insert into SINHVIEN (MaSinhVien, HoTen, Phai, NgaySinh, DiaChi) values (76, 'Syman Minster', 'Male', '1/6/1997', '048 Atwood Drive');
insert into SINHVIEN (MaSinhVien, HoTen, Phai, NgaySinh, DiaChi) values (77, 'Joanie Shackelton', 'Female', '6/11/1997', '3 Dexter Plaza');
insert into SINHVIEN (MaSinhVien, HoTen, Phai, NgaySinh, DiaChi) values (78, 'Marina Currington', 'Female', '3/19/1997', '1 Maple Wood Parkway');
insert into SINHVIEN (MaSinhVien, HoTen, Phai, NgaySinh, DiaChi) values (79, 'Giovanni Deery', 'Male', '2/3/1997', '9996 Manitowish Center');
insert into SINHVIEN (MaSinhVien, HoTen, Phai, NgaySinh, DiaChi) values (80, 'Christoforo Guido', 'Male', '10/6/1997', '48441 Moulton Circle');
insert into SINHVIEN (MaSinhVien, HoTen, Phai, NgaySinh, DiaChi) values (81, 'Arnaldo Pauel', 'Male', '9/10/1997', '0334 Eliot Trail');
insert into SINHVIEN (MaSinhVien, HoTen, Phai, NgaySinh, DiaChi) values (82, 'Otis Rewcastle', 'Male', '9/27/1997', '64388 Crowley Road');
insert into SINHVIEN (MaSinhVien, HoTen, Phai, NgaySinh, DiaChi) values (83, 'Roxie Extill', 'Female', '10/13/1997', '318 Beilfuss Alley');
insert into SINHVIEN (MaSinhVien, HoTen, Phai, NgaySinh, DiaChi) values (84, 'Connor Graalmans', 'Male', '11/30/1997', '9593 Main Alley');
insert into SINHVIEN (MaSinhVien, HoTen, Phai, NgaySinh, DiaChi) values (85, 'Jaymee Wyles', 'Female', '7/30/1997', '99035 West Pass');
insert into SINHVIEN (MaSinhVien, HoTen, Phai, NgaySinh, DiaChi) values (86, 'Yalonda Moscon', 'Female', '5/1/1997', '46 Londonderry Crossing');
insert into SINHVIEN (MaSinhVien, HoTen, Phai, NgaySinh, DiaChi) values (87, 'Nina Kermannes', 'Female', '4/24/1997', '711 Portage Road');
insert into SINHVIEN (MaSinhVien, HoTen, Phai, NgaySinh, DiaChi) values (88, 'Nels Tulk', 'Male', '6/29/1997', '86 Ridge Oak Terrace');
insert into SINHVIEN (MaSinhVien, HoTen, Phai, NgaySinh, DiaChi) values (89, 'Menard Gaines', 'Male', '4/10/1997', '6116 Lunder Park');
insert into SINHVIEN (MaSinhVien, HoTen, Phai, NgaySinh, DiaChi) values (90, 'Lauren Beviss', 'Male', '4/27/1997', '1900 Pawling Court');
insert into SINHVIEN (MaSinhVien, HoTen, Phai, NgaySinh, DiaChi) values (91, 'Oberon Rozet', 'Male', '3/3/1997', '63 Tennyson Drive');
insert into SINHVIEN (MaSinhVien, HoTen, Phai, NgaySinh, DiaChi) values (92, 'Aristotle Peak', 'Male', '2/7/1997', '1 Beilfuss Parkway');
insert into SINHVIEN (MaSinhVien, HoTen, Phai, NgaySinh, DiaChi) values (93, 'Jefferey Edwardson', 'Male', '10/13/1997', '9270 Karstens Plaza');
insert into SINHVIEN (MaSinhVien, HoTen, Phai, NgaySinh, DiaChi) values (94, 'Emelen Toby', 'Male', '10/15/1997', '932 Ridgeway Alley');
insert into SINHVIEN (MaSinhVien, HoTen, Phai, NgaySinh, DiaChi) values (95, 'Clementius Gillani', 'Male', '4/18/1997', '8663 Anthes Park');
insert into SINHVIEN (MaSinhVien, HoTen, Phai, NgaySinh, DiaChi) values (96, 'Farra Oliva', 'Female', '1/2/1997', '0510 Farwell Park');
insert into SINHVIEN (MaSinhVien, HoTen, Phai, NgaySinh, DiaChi) values (97, 'Zacharias Adess', 'Male', '9/29/1997', '01368 Canary Court');
insert into SINHVIEN (MaSinhVien, HoTen, Phai, NgaySinh, DiaChi) values (98, 'Raoul Emmines', 'Male', '9/29/1997', '619 Milwaukee Junction');
insert into SINHVIEN (MaSinhVien, HoTen, Phai, NgaySinh, DiaChi) values (99, 'Estrellita Menier', 'Female', '11/10/1997', '59 Maryland Parkway');
insert into SINHVIEN (MaSinhVien, HoTen, Phai, NgaySinh, DiaChi) values (100, 'Quinton Ostler', 'Male', '10/25/1997', '97 Scott Center');
insert into SINHVIEN (MaSinhVien, HoTen, Phai, NgaySinh, DiaChi) values (101, 'Maighdiln Guidi', 'Female', '5/12/1997', '2 Charing Cross Avenue');
insert into SINHVIEN (MaSinhVien, HoTen, Phai, NgaySinh, DiaChi) values (102, 'Dulcea O''Sharry', 'Female', '6/11/1997', '9939 Sage Circle');
insert into SINHVIEN (MaSinhVien, HoTen, Phai, NgaySinh, DiaChi) values (103, 'Raimondo Ogilvie', 'Male', '4/10/1997', '240 Orin Drive');
insert into SINHVIEN (MaSinhVien, HoTen, Phai, NgaySinh, DiaChi) values (104, 'Gabey Fluit', 'Female', '5/30/1997', '01887 2nd Pass');
insert into SINHVIEN (MaSinhVien, HoTen, Phai, NgaySinh, DiaChi) values (105, 'Adriana Brewers', 'Female', '3/22/1997', '8 Arapahoe Court');
insert into SINHVIEN (MaSinhVien, HoTen, Phai, NgaySinh, DiaChi) values (106, 'Andres MacCard', 'Male', '11/15/1997', '9558 Hoepker Way');
insert into SINHVIEN (MaSinhVien, HoTen, Phai, NgaySinh, DiaChi) values (107, 'August Enrrico', 'Male', '4/1/1997', '711 Lake View Trail');
insert into SINHVIEN (MaSinhVien, HoTen, Phai, NgaySinh, DiaChi) values (108, 'Leandra Carley', 'Female', '7/23/1997', '91 Mccormick Crossing');
insert into SINHVIEN (MaSinhVien, HoTen, Phai, NgaySinh, DiaChi) values (109, 'Iorgo Kiggel', 'Male', '6/27/1997', '8770 Messerschmidt Avenue');
insert into SINHVIEN (MaSinhVien, HoTen, Phai, NgaySinh, DiaChi) values (110, 'Rhonda Luxon', 'Female', '12/6/1997', '67 Mcguire Center');
insert into SINHVIEN (MaSinhVien, HoTen, Phai, NgaySinh, DiaChi) values (111, 'Aldo Foskin', 'Male', '9/4/1997', '98 Lien Lane');
insert into SINHVIEN (MaSinhVien, HoTen, Phai, NgaySinh, DiaChi) values (112, 'Grover Oglethorpe', 'Male', '11/4/1997', '14202 Northfield Point');
insert into SINHVIEN (MaSinhVien, HoTen, Phai, NgaySinh, DiaChi) values (113, 'Aldous Vaszoly', 'Male', '5/1/1997', '50955 Autumn Leaf Road');
insert into SINHVIEN (MaSinhVien, HoTen, Phai, NgaySinh, DiaChi) values (114, 'Murdoch Minigo', 'Male', '7/5/1997', '35 Bonner Parkway');
insert into SINHVIEN (MaSinhVien, HoTen, Phai, NgaySinh, DiaChi) values (115, 'Beckie Edgler', 'Female', '11/28/1997', '15240 Little Fleur Pass');
insert into SINHVIEN (MaSinhVien, HoTen, Phai, NgaySinh, DiaChi) values (116, 'Calypso Van der Baaren', 'Female', '9/1/1997', '86 Spenser Point');
insert into SINHVIEN (MaSinhVien, HoTen, Phai, NgaySinh, DiaChi) values (117, 'Carey Hatchard', 'Male', '9/3/1997', '053 Weeping Birch Plaza');
insert into SINHVIEN (MaSinhVien, HoTen, Phai, NgaySinh, DiaChi) values (118, 'Ryan Shellcross', 'Male', '8/27/1997', '74 Carpenter Way');
insert into SINHVIEN (MaSinhVien, HoTen, Phai, NgaySinh, DiaChi) values (119, 'Noah Brendish', 'Male', '10/19/1997', '56 Buell Park');
insert into SINHVIEN (MaSinhVien, HoTen, Phai, NgaySinh, DiaChi) values (120, 'Dannie Comberbach', 'Female', '10/1/1997', '26211 Forest Dale Terrace');
insert into SINHVIEN (MaSinhVien, HoTen, Phai, NgaySinh, DiaChi) values (121, 'Beverlie Siddall', 'Female', '7/8/1997', '9087 Lukken Terrace');
insert into SINHVIEN (MaSinhVien, HoTen, Phai, NgaySinh, DiaChi) values (122, 'Blancha Valentino', 'Female', '7/4/1997', '23830 Walton Parkway');
insert into SINHVIEN (MaSinhVien, HoTen, Phai, NgaySinh, DiaChi) values (123, 'Waldemar Spreckley', 'Male', '6/27/1997', '0 Ohio Trail');
insert into SINHVIEN (MaSinhVien, HoTen, Phai, NgaySinh, DiaChi) values (124, 'Rudyard Flannigan', 'Male', '9/5/1997', '09 Farmco Center');
insert into SINHVIEN (MaSinhVien, HoTen, Phai, NgaySinh, DiaChi) values (125, 'Ewell Dudderidge', 'Male', '7/7/1997', '923 Golf Course Plaza');
insert into SINHVIEN (MaSinhVien, HoTen, Phai, NgaySinh, DiaChi) values (126, 'Batholomew Kytley', 'Male', '6/20/1997', '0211 Lindbergh Parkway');
insert into SINHVIEN (MaSinhVien, HoTen, Phai, NgaySinh, DiaChi) values (127, 'Vinnie Kellick', 'Female', '6/18/1997', '177 Drewry Circle');
insert into SINHVIEN (MaSinhVien, HoTen, Phai, NgaySinh, DiaChi) values (128, 'Gigi Kleyn', 'Female', '5/17/1997', '94023 Meadow Vale Street');
insert into SINHVIEN (MaSinhVien, HoTen, Phai, NgaySinh, DiaChi) values (129, 'Brit Macartney', 'Male', '12/1/1997', '71427 Derek Alley');
insert into SINHVIEN (MaSinhVien, HoTen, Phai, NgaySinh, DiaChi) values (130, 'Jorge Dochon', 'Male', '6/4/1997', '9 Memorial Circle');
insert into SINHVIEN (MaSinhVien, HoTen, Phai, NgaySinh, DiaChi) values (131, 'Doria Simmance', 'Female', '4/12/1997', '56 Twin Pines Point');
insert into SINHVIEN (MaSinhVien, HoTen, Phai, NgaySinh, DiaChi) values (132, 'Shirl Vasyuchov', 'Female', '3/10/1997', '6274 Brickson Park Plaza');
insert into SINHVIEN (MaSinhVien, HoTen, Phai, NgaySinh, DiaChi) values (133, 'Gardy Mardlin', 'Male', '7/16/1997', '95 Utah Junction');
insert into SINHVIEN (MaSinhVien, HoTen, Phai, NgaySinh, DiaChi) values (134, 'Roby Stoop', 'Female', '8/2/1997', '579 Oxford Circle');
insert into SINHVIEN (MaSinhVien, HoTen, Phai, NgaySinh, DiaChi) values (135, 'Tiertza Ney', 'Female', '12/7/1997', '1 Grasskamp Road');
insert into SINHVIEN (MaSinhVien, HoTen, Phai, NgaySinh, DiaChi) values (136, 'Tisha Tocknell', 'Female', '4/28/1997', '90 Buena Vista Circle');
insert into SINHVIEN (MaSinhVien, HoTen, Phai, NgaySinh, DiaChi) values (137, 'Ciel Blues', 'Female', '1/18/1997', '488 Moose Hill');
insert into SINHVIEN (MaSinhVien, HoTen, Phai, NgaySinh, DiaChi) values (138, 'Karil Crannis', 'Female', '7/31/1997', '3336 Spenser Center');
insert into SINHVIEN (MaSinhVien, HoTen, Phai, NgaySinh, DiaChi) values (139, 'Baryram Lohering', 'Male', '6/2/1997', '67 Swallow Park');
insert into SINHVIEN (MaSinhVien, HoTen, Phai, NgaySinh, DiaChi) values (140, 'Klement Kilborn', 'Male', '9/25/1997', '740 Acker Road');
insert into SINHVIEN (MaSinhVien, HoTen, Phai, NgaySinh, DiaChi) values (141, 'Carmelina Conelly', 'Female', '4/11/1997', '1204 Anhalt Plaza');
insert into SINHVIEN (MaSinhVien, HoTen, Phai, NgaySinh, DiaChi) values (142, 'Berty Eliet', 'Female', '10/17/1997', '8631 Manley Crossing');
insert into SINHVIEN (MaSinhVien, HoTen, Phai, NgaySinh, DiaChi) values (143, 'Matteo Aldington', 'Male', '6/27/1997', '1736 Hollow Ridge Road');
insert into SINHVIEN (MaSinhVien, HoTen, Phai, NgaySinh, DiaChi) values (144, 'Sasha Baudasso', 'Male', '7/10/1997', '894 Coleman Drive');
insert into SINHVIEN (MaSinhVien, HoTen, Phai, NgaySinh, DiaChi) values (145, 'Gigi Calley', 'Female', '11/13/1997', '51 Armistice Alley');
insert into SINHVIEN (MaSinhVien, HoTen, Phai, NgaySinh, DiaChi) values (146, 'Audrey Girdwood', 'Female', '8/15/1997', '396 Fieldstone Pass');
insert into SINHVIEN (MaSinhVien, HoTen, Phai, NgaySinh, DiaChi) values (147, 'Delmor Gives', 'Male', '11/28/1997', '71 Arizona Place');
insert into SINHVIEN (MaSinhVien, HoTen, Phai, NgaySinh, DiaChi) values (148, 'Carole Brackstone', 'Female', '6/26/1997', '98704 Eagle Crest Alley');
insert into SINHVIEN (MaSinhVien, HoTen, Phai, NgaySinh, DiaChi) values (149, 'Holly Clunie', 'Female', '6/3/1997', '1140 Hauk Street');
insert into SINHVIEN (MaSinhVien, HoTen, Phai, NgaySinh, DiaChi) values (150, 'Leslie Peacher', 'Female', '11/16/1997', '2 Spenser Place');
insert into SINHVIEN (MaSinhVien, HoTen, Phai, NgaySinh, DiaChi) values (151, 'Donall Bellini', 'Male', '5/22/1997', '6 American Ash Park');
insert into SINHVIEN (MaSinhVien, HoTen, Phai, NgaySinh, DiaChi) values (152, 'Dore Tucker', 'Female', '9/25/1997', '787 Brentwood Street');
insert into SINHVIEN (MaSinhVien, HoTen, Phai, NgaySinh, DiaChi) values (153, 'Anastasia Acarson', 'Female', '7/18/1997', '7867 Farwell Street');
insert into SINHVIEN (MaSinhVien, HoTen, Phai, NgaySinh, DiaChi) values (154, 'Anastasie Mouatt', 'Female', '2/24/1997', '8655 Leroy Point');
insert into SINHVIEN (MaSinhVien, HoTen, Phai, NgaySinh, DiaChi) values (155, 'Aileen Gaspard', 'Female', '2/8/1997', '82762 Montana Crossing');
insert into SINHVIEN (MaSinhVien, HoTen, Phai, NgaySinh, DiaChi) values (156, 'Duff Henken', 'Male', '10/12/1997', '7 Bobwhite Way');
insert into SINHVIEN (MaSinhVien, HoTen, Phai, NgaySinh, DiaChi) values (157, 'Vina Beaumont', 'Female', '6/19/1997', '9982 Havey Parkway');
insert into SINHVIEN (MaSinhVien, HoTen, Phai, NgaySinh, DiaChi) values (158, 'Cris Granleese', 'Male', '11/23/1997', '1366 Waubesa Parkway');
insert into SINHVIEN (MaSinhVien, HoTen, Phai, NgaySinh, DiaChi) values (159, 'Geralda Monckton', 'Female', '11/5/1997', '06 Killdeer Drive');
insert into SINHVIEN (MaSinhVien, HoTen, Phai, NgaySinh, DiaChi) values (160, 'Doti Sandaver', 'Female', '8/19/1997', '03 Rieder Circle');
insert into SINHVIEN (MaSinhVien, HoTen, Phai, NgaySinh, DiaChi) values (161, 'Kimbra Slany', 'Female', '3/14/1997', '2 Trailsway Crossing');
insert into SINHVIEN (MaSinhVien, HoTen, Phai, NgaySinh, DiaChi) values (162, 'Moritz Bish', 'Male', '6/16/1997', '755 Clemons Court');
insert into SINHVIEN (MaSinhVien, HoTen, Phai, NgaySinh, DiaChi) values (163, 'Wynnie Croom', 'Female', '1/5/1997', '7 Crowley Drive');
insert into SINHVIEN (MaSinhVien, HoTen, Phai, NgaySinh, DiaChi) values (164, 'Theodor MacNeil', 'Male', '5/3/1997', '59857 Bunker Hill Parkway');
insert into SINHVIEN (MaSinhVien, HoTen, Phai, NgaySinh, DiaChi) values (165, 'Baron Puzey', 'Male', '5/18/1997', '661 Larry Terrace');
insert into SINHVIEN (MaSinhVien, HoTen, Phai, NgaySinh, DiaChi) values (166, 'Maximilien McMychem', 'Male', '9/27/1997', '6 Basil Road');
insert into SINHVIEN (MaSinhVien, HoTen, Phai, NgaySinh, DiaChi) values (167, 'Seka Sperski', 'Female', '6/4/1997', '0 Florence Trail');
insert into SINHVIEN (MaSinhVien, HoTen, Phai, NgaySinh, DiaChi) values (168, 'Giacopo Kenneway', 'Male', '1/7/1997', '897 Chinook Lane');
insert into SINHVIEN (MaSinhVien, HoTen, Phai, NgaySinh, DiaChi) values (169, 'Munroe Squirrell', 'Male', '2/22/1997', '508 Northfield Parkway');
insert into SINHVIEN (MaSinhVien, HoTen, Phai, NgaySinh, DiaChi) values (170, 'Forbes McGirr', 'Male', '8/21/1997', '9482 Johnson Court');
insert into SINHVIEN (MaSinhVien, HoTen, Phai, NgaySinh, DiaChi) values (171, 'Theresa Scardafield', 'Female', '5/7/1997', '33882 Dennis Terrace');
insert into SINHVIEN (MaSinhVien, HoTen, Phai, NgaySinh, DiaChi) values (172, 'Antonio Laurisch', 'Male', '6/7/1997', '93478 Hayes Point');
insert into SINHVIEN (MaSinhVien, HoTen, Phai, NgaySinh, DiaChi) values (173, 'Guenna Willshaw', 'Female', '1/10/1997', '0 Hansons Street');
insert into SINHVIEN (MaSinhVien, HoTen, Phai, NgaySinh, DiaChi) values (174, 'Bessie Rigler', 'Female', '9/27/1997', '51 Golf Drive');
insert into SINHVIEN (MaSinhVien, HoTen, Phai, NgaySinh, DiaChi) values (175, 'Bobina Schaumaker', 'Female', '5/29/1997', '7 Golden Leaf Parkway');
insert into SINHVIEN (MaSinhVien, HoTen, Phai, NgaySinh, DiaChi) values (176, 'Lynna Mecchi', 'Female', '2/6/1997', '45 Manitowish Crossing');
insert into SINHVIEN (MaSinhVien, HoTen, Phai, NgaySinh, DiaChi) values (177, 'Caesar Marquese', 'Male', '5/4/1997', '491 Randy Junction');
insert into SINHVIEN (MaSinhVien, HoTen, Phai, NgaySinh, DiaChi) values (178, 'Wilbur Fowle', 'Male', '2/6/1997', '6 Huxley Street');
insert into SINHVIEN (MaSinhVien, HoTen, Phai, NgaySinh, DiaChi) values (179, 'Cindi Truman', 'Female', '1/7/1997', '77 Oxford Circle');
insert into SINHVIEN (MaSinhVien, HoTen, Phai, NgaySinh, DiaChi) values (180, 'Kristan McNay', 'Female', '7/15/1997', '33514 Dorton Circle');
insert into SINHVIEN (MaSinhVien, HoTen, Phai, NgaySinh, DiaChi) values (181, 'Barbra Coathup', 'Female', '10/24/1997', '9816 Alpine Way');
insert into SINHVIEN (MaSinhVien, HoTen, Phai, NgaySinh, DiaChi) values (182, 'Kaiser Philippart', 'Male', '5/17/1997', '81 Waywood Place');
insert into SINHVIEN (MaSinhVien, HoTen, Phai, NgaySinh, DiaChi) values (183, 'Judith Eland', 'Female', '9/14/1997', '8 Stoughton Hill');
insert into SINHVIEN (MaSinhVien, HoTen, Phai, NgaySinh, DiaChi) values (184, 'Bobine Eidler', 'Female', '5/8/1997', '24 Nova Pass');
insert into SINHVIEN (MaSinhVien, HoTen, Phai, NgaySinh, DiaChi) values (185, 'Renae Feld', 'Female', '10/31/1997', '194 Sachs Alley');
insert into SINHVIEN (MaSinhVien, HoTen, Phai, NgaySinh, DiaChi) values (186, 'Horst Derdes', 'Male', '9/30/1997', '88330 Sachtjen Road');
insert into SINHVIEN (MaSinhVien, HoTen, Phai, NgaySinh, DiaChi) values (187, 'Clarisse Vasilchenko', 'Female', '6/17/1997', '7 Green Ridge Crossing');
insert into SINHVIEN (MaSinhVien, HoTen, Phai, NgaySinh, DiaChi) values (188, 'Sergei Battson', 'Male', '1/23/1997', '7 Scoville Alley');
insert into SINHVIEN (MaSinhVien, HoTen, Phai, NgaySinh, DiaChi) values (189, 'Ronica Scaysbrook', 'Female', '4/30/1997', '4084 Basil Crossing');
insert into SINHVIEN (MaSinhVien, HoTen, Phai, NgaySinh, DiaChi) values (190, 'Leila Carrane', 'Female', '4/28/1997', '4 Melody Trail');
insert into SINHVIEN (MaSinhVien, HoTen, Phai, NgaySinh, DiaChi) values (191, 'Penny Crawforth', 'Male', '8/5/1997', '0 Montana Road');
insert into SINHVIEN (MaSinhVien, HoTen, Phai, NgaySinh, DiaChi) values (192, 'Corey Pyett', 'Female', '3/26/1997', '9770 Commercial Avenue');
insert into SINHVIEN (MaSinhVien, HoTen, Phai, NgaySinh, DiaChi) values (193, 'Liane Battram', 'Female', '7/27/1997', '64 Nelson Avenue');
insert into SINHVIEN (MaSinhVien, HoTen, Phai, NgaySinh, DiaChi) values (194, 'Shanan Guthrie', 'Male', '4/25/1997', '61 Kenwood Pass');
insert into SINHVIEN (MaSinhVien, HoTen, Phai, NgaySinh, DiaChi) values (195, 'Roosevelt Dunmuir', 'Male', '10/17/1997', '48 Moland Avenue');
insert into SINHVIEN (MaSinhVien, HoTen, Phai, NgaySinh, DiaChi) values (196, 'Garnette Shapero', 'Female', '9/8/1997', '34 Forster Junction');
insert into SINHVIEN (MaSinhVien, HoTen, Phai, NgaySinh, DiaChi) values (197, 'Obediah Galea', 'Male', '8/17/1997', '88690 John Wall Street');
insert into SINHVIEN (MaSinhVien, HoTen, Phai, NgaySinh, DiaChi) values (198, 'Edgardo Gillio', 'Male', '2/8/1997', '90 Dixon Park');
insert into SINHVIEN (MaSinhVien, HoTen, Phai, NgaySinh, DiaChi) values (199, 'Lynea Maleck', 'Female', '10/25/1997', '187 Hayes Junction');
insert into SINHVIEN (MaSinhVien, HoTen, Phai, NgaySinh, DiaChi) values (200, 'Gerard McNevin', 'Male', '5/12/1997', '41761 Lindbergh Point');
insert into SINHVIEN (MaSinhVien, HoTen, Phai, NgaySinh, DiaChi) values (201, 'Gery MacGruer', 'Male', '11/1/1997', '96702 Crescent Oaks Avenue');
insert into SINHVIEN (MaSinhVien, HoTen, Phai, NgaySinh, DiaChi) values (202, 'Lauretta Manlow', 'Female', '7/7/1997', '41844 Old Shore Way');
insert into SINHVIEN (MaSinhVien, HoTen, Phai, NgaySinh, DiaChi) values (203, 'Janos Kerley', 'Male', '8/30/1997', '5331 Lawn Terrace');
insert into SINHVIEN (MaSinhVien, HoTen, Phai, NgaySinh, DiaChi) values (204, 'Nahum Inglesfield', 'Male', '12/8/1997', '21860 Logan Parkway');
insert into SINHVIEN (MaSinhVien, HoTen, Phai, NgaySinh, DiaChi) values (205, 'Darrick Yeabsley', 'Male', '1/11/1997', '4710 Mandrake Center');
insert into SINHVIEN (MaSinhVien, HoTen, Phai, NgaySinh, DiaChi) values (206, 'Hart Roskeilly', 'Male', '6/3/1997', '1151 Sutherland Plaza');
insert into SINHVIEN (MaSinhVien, HoTen, Phai, NgaySinh, DiaChi) values (207, 'Tammie Zarfati', 'Male', '3/31/1997', '86 Spohn Lane');
insert into SINHVIEN (MaSinhVien, HoTen, Phai, NgaySinh, DiaChi) values (208, 'Erinn Sogg', 'Female', '2/1/1997', '41771 Burning Wood Hill');
insert into SINHVIEN (MaSinhVien, HoTen, Phai, NgaySinh, DiaChi) values (209, 'Alexandro Hobbing', 'Male', '7/15/1997', '70 Artisan Trail');
insert into SINHVIEN (MaSinhVien, HoTen, Phai, NgaySinh, DiaChi) values (210, 'Sonia Sturr', 'Female', '2/19/1997', '353 Longview Plaza');
insert into SINHVIEN (MaSinhVien, HoTen, Phai, NgaySinh, DiaChi) values (211, 'Anneliese Wingfield', 'Female', '5/14/1997', '0636 Continental Avenue');
insert into SINHVIEN (MaSinhVien, HoTen, Phai, NgaySinh, DiaChi) values (212, 'Jessie Officer', 'Female', '3/29/1997', '2290 Lawn Park');
insert into SINHVIEN (MaSinhVien, HoTen, Phai, NgaySinh, DiaChi) values (213, 'Nadia Marquot', 'Female', '4/16/1997', '7 Gina Alley');
insert into SINHVIEN (MaSinhVien, HoTen, Phai, NgaySinh, DiaChi) values (214, 'Sydney Schankelborg', 'Female', '2/7/1997', '75974 Paget Center');
insert into SINHVIEN (MaSinhVien, HoTen, Phai, NgaySinh, DiaChi) values (215, 'Jorge Darrach', 'Male', '1/14/1997', '213 Moulton Road');
insert into SINHVIEN (MaSinhVien, HoTen, Phai, NgaySinh, DiaChi) values (216, 'Laetitia Maine', 'Female', '9/6/1997', '5997 Huxley Crossing');
insert into SINHVIEN (MaSinhVien, HoTen, Phai, NgaySinh, DiaChi) values (217, 'Keriann Willerson', 'Female', '4/25/1997', '41 Waywood Junction');
insert into SINHVIEN (MaSinhVien, HoTen, Phai, NgaySinh, DiaChi) values (218, 'Whitaker Glader', 'Male', '10/21/1997', '5 Mayer Center');
insert into SINHVIEN (MaSinhVien, HoTen, Phai, NgaySinh, DiaChi) values (219, 'Hew O''Spillane', 'Male', '3/25/1997', '620 Moulton Street');
insert into SINHVIEN (MaSinhVien, HoTen, Phai, NgaySinh, DiaChi) values (220, 'Horton Kment', 'Male', '12/8/1997', '6687 Manufacturers Street');
insert into SINHVIEN (MaSinhVien, HoTen, Phai, NgaySinh, DiaChi) values (221, 'Winnah Martonfi', 'Female', '4/11/1997', '7153 Arapahoe Drive');
insert into SINHVIEN (MaSinhVien, HoTen, Phai, NgaySinh, DiaChi) values (222, 'Syd Chaudret', 'Male', '7/13/1997', '8577 Melby Lane');
insert into SINHVIEN (MaSinhVien, HoTen, Phai, NgaySinh, DiaChi) values (223, 'Carroll Jeromson', 'Male', '7/31/1997', '16 Logan Crossing');
insert into SINHVIEN (MaSinhVien, HoTen, Phai, NgaySinh, DiaChi) values (224, 'Todd McGeffen', 'Male', '10/19/1997', '91 Drewry Circle');
insert into SINHVIEN (MaSinhVien, HoTen, Phai, NgaySinh, DiaChi) values (225, 'Brnaba Kelner', 'Male', '2/17/1997', '0 Fairfield Hill');
insert into SINHVIEN (MaSinhVien, HoTen, Phai, NgaySinh, DiaChi) values (226, 'Mile Pinnington', 'Male', '7/25/1997', '0 Westport Point');
insert into SINHVIEN (MaSinhVien, HoTen, Phai, NgaySinh, DiaChi) values (227, 'Mela Andryunin', 'Female', '10/19/1997', '61672 Marcy Place');
insert into SINHVIEN (MaSinhVien, HoTen, Phai, NgaySinh, DiaChi) values (228, 'Gabriella Mandres', 'Female', '3/18/1997', '33351 Summit Way');
insert into SINHVIEN (MaSinhVien, HoTen, Phai, NgaySinh, DiaChi) values (229, 'Janina Lucken', 'Female', '6/17/1997', '21 Barby Hill');
insert into SINHVIEN (MaSinhVien, HoTen, Phai, NgaySinh, DiaChi) values (230, 'Melli Cissen', 'Female', '6/8/1997', '360 Hintze Place');
insert into SINHVIEN (MaSinhVien, HoTen, Phai, NgaySinh, DiaChi) values (231, 'Holt Redish', 'Male', '4/30/1997', '2 Troy Trail');
insert into SINHVIEN (MaSinhVien, HoTen, Phai, NgaySinh, DiaChi) values (232, 'Eduino Merner', 'Male', '3/21/1997', '813 Sunfield Circle');
insert into SINHVIEN (MaSinhVien, HoTen, Phai, NgaySinh, DiaChi) values (233, 'Tallie De Santos', 'Female', '1/20/1997', '747 Kropf Avenue');
insert into SINHVIEN (MaSinhVien, HoTen, Phai, NgaySinh, DiaChi) values (234, 'Gradeigh Finnigan', 'Male', '11/6/1997', '86364 Oakridge Terrace');
insert into SINHVIEN (MaSinhVien, HoTen, Phai, NgaySinh, DiaChi) values (235, 'Lonnie Spurge', 'Male', '11/16/1997', '39 Eagle Crest Drive');
insert into SINHVIEN (MaSinhVien, HoTen, Phai, NgaySinh, DiaChi) values (236, 'Dottie McGoogan', 'Female', '1/5/1997', '1339 Pine View Parkway');
insert into SINHVIEN (MaSinhVien, HoTen, Phai, NgaySinh, DiaChi) values (237, 'Eustacia Hannabus', 'Female', '3/6/1997', '23482 Kedzie Crossing');
insert into SINHVIEN (MaSinhVien, HoTen, Phai, NgaySinh, DiaChi) values (238, 'Arny Anders', 'Male', '2/27/1997', '0443 Fuller Trail');
insert into SINHVIEN (MaSinhVien, HoTen, Phai, NgaySinh, DiaChi) values (239, 'Prinz Jaggers', 'Male', '5/5/1997', '772 Tony Terrace');
insert into SINHVIEN (MaSinhVien, HoTen, Phai, NgaySinh, DiaChi) values (240, 'Livy Blowick', 'Female', '3/5/1997', '2160 Johnson Court');
insert into SINHVIEN (MaSinhVien, HoTen, Phai, NgaySinh, DiaChi) values (241, 'Melisenda Andriulis', 'Female', '12/3/1997', '4285 Becker Drive');
insert into SINHVIEN (MaSinhVien, HoTen, Phai, NgaySinh, DiaChi) values (242, 'Diannne Yewen', 'Female', '9/22/1997', '308 Old Gate Way');
insert into SINHVIEN (MaSinhVien, HoTen, Phai, NgaySinh, DiaChi) values (243, 'Tyne Hainge', 'Female', '5/26/1997', '9 6th Trail');
insert into SINHVIEN (MaSinhVien, HoTen, Phai, NgaySinh, DiaChi) values (244, 'Midge Jouandet', 'Female', '10/26/1997', '78836 Sunbrook Trail');
insert into SINHVIEN (MaSinhVien, HoTen, Phai, NgaySinh, DiaChi) values (245, 'Frans Tison', 'Male', '6/8/1997', '9 Mockingbird Avenue');
insert into SINHVIEN (MaSinhVien, HoTen, Phai, NgaySinh, DiaChi) values (246, 'Erie Worsom', 'Male', '5/2/1997', '177 Transport Circle');
insert into SINHVIEN (MaSinhVien, HoTen, Phai, NgaySinh, DiaChi) values (247, 'Kirby Gorstidge', 'Female', '5/27/1997', '597 Sloan Park');
insert into SINHVIEN (MaSinhVien, HoTen, Phai, NgaySinh, DiaChi) values (248, 'Rhianon Foyle', 'Female', '9/28/1997', '1410 Badeau Way');
insert into SINHVIEN (MaSinhVien, HoTen, Phai, NgaySinh, DiaChi) values (249, 'Roseann Keers', 'Female', '7/14/1997', '4 Commercial Hill');
insert into SINHVIEN (MaSinhVien, HoTen, Phai, NgaySinh, DiaChi) values (250, 'Richie Harbor', 'Male', '6/27/1997', '671 Hazelcrest Parkway');
insert into SINHVIEN (MaSinhVien, HoTen, Phai, NgaySinh, DiaChi) values (251, 'Renaldo Daft', 'Male', '10/22/1997', '06867 Graedel Plaza');
insert into SINHVIEN (MaSinhVien, HoTen, Phai, NgaySinh, DiaChi) values (252, 'Hayley Tattersill', 'Female', '4/21/1997', '21 Lunder Center');
insert into SINHVIEN (MaSinhVien, HoTen, Phai, NgaySinh, DiaChi) values (253, 'Vinnie Copping', 'Male', '4/18/1997', '63 Westerfield Lane');
insert into SINHVIEN (MaSinhVien, HoTen, Phai, NgaySinh, DiaChi) values (254, 'Kariotta Dutson', 'Female', '2/4/1997', '58 Brown Center');
insert into SINHVIEN (MaSinhVien, HoTen, Phai, NgaySinh, DiaChi) values (255, 'Evelin Jojic', 'Male', '10/24/1997', '32 Kim Avenue');
insert into SINHVIEN (MaSinhVien, HoTen, Phai, NgaySinh, DiaChi) values (256, 'Shaylah Heustace', 'Female', '5/13/1997', '2637 Paget Plaza');
insert into SINHVIEN (MaSinhVien, HoTen, Phai, NgaySinh, DiaChi) values (257, 'Evangelina Postance', 'Female', '8/30/1997', '47578 Menomonie Hill');
insert into SINHVIEN (MaSinhVien, HoTen, Phai, NgaySinh, DiaChi) values (258, 'Faustine Wessing', 'Female', '8/26/1997', '10 Monument Avenue');
insert into SINHVIEN (MaSinhVien, HoTen, Phai, NgaySinh, DiaChi) values (259, 'Elsy Maasze', 'Female', '1/12/1997', '3 Eastlawn Trail');
insert into SINHVIEN (MaSinhVien, HoTen, Phai, NgaySinh, DiaChi) values (260, 'Debor Rousel', 'Female', '4/8/1997', '52 Menomonie Lane');
insert into SINHVIEN (MaSinhVien, HoTen, Phai, NgaySinh, DiaChi) values (261, 'Luther Hasslocher', 'Male', '6/26/1997', '6417 Helena Court');
insert into SINHVIEN (MaSinhVien, HoTen, Phai, NgaySinh, DiaChi) values (262, 'Warde Plain', 'Male', '2/21/1997', '04280 Birchwood Place');
insert into SINHVIEN (MaSinhVien, HoTen, Phai, NgaySinh, DiaChi) values (263, 'Husain Jacquemet', 'Male', '11/18/1997', '5 Orin Place');
insert into SINHVIEN (MaSinhVien, HoTen, Phai, NgaySinh, DiaChi) values (264, 'Theo O''Geneay', 'Female', '1/20/1997', '99 Spenser Hill');
insert into SINHVIEN (MaSinhVien, HoTen, Phai, NgaySinh, DiaChi) values (265, 'Lyle Kirwood', 'Male', '7/26/1997', '65 Florence Alley');
insert into SINHVIEN (MaSinhVien, HoTen, Phai, NgaySinh, DiaChi) values (266, 'Tyrus Woolmington', 'Male', '7/12/1997', '3 Bartillon Hill');
insert into SINHVIEN (MaSinhVien, HoTen, Phai, NgaySinh, DiaChi) values (267, 'Randal Merrell', 'Male', '12/10/1997', '05761 Continental Junction');
insert into SINHVIEN (MaSinhVien, HoTen, Phai, NgaySinh, DiaChi) values (268, 'Nollie Pember', 'Male', '12/11/1997', '7679 Colorado Parkway');
insert into SINHVIEN (MaSinhVien, HoTen, Phai, NgaySinh, DiaChi) values (269, 'Ania Peterkin', 'Female', '4/26/1997', '21 Coleman Terrace');
insert into SINHVIEN (MaSinhVien, HoTen, Phai, NgaySinh, DiaChi) values (270, 'Troy Aizikovitz', 'Male', '2/12/1997', '9244 Gulseth Circle');
insert into SINHVIEN (MaSinhVien, HoTen, Phai, NgaySinh, DiaChi) values (271, 'Babita Greeno', 'Female', '7/5/1997', '741 Graceland Park');
insert into SINHVIEN (MaSinhVien, HoTen, Phai, NgaySinh, DiaChi) values (272, 'Briano Mc Curlye', 'Male', '2/8/1997', '5 Lukken Plaza');
insert into SINHVIEN (MaSinhVien, HoTen, Phai, NgaySinh, DiaChi) values (273, 'Verne Kumaar', 'Male', '9/1/1997', '64183 Spaight Plaza');
insert into SINHVIEN (MaSinhVien, HoTen, Phai, NgaySinh, DiaChi) values (274, 'Lacy Blankenship', 'Female', '6/28/1997', '9722 Lien Terrace');
insert into SINHVIEN (MaSinhVien, HoTen, Phai, NgaySinh, DiaChi) values (275, 'Lauryn Mottinelli', 'Female', '3/23/1997', '2548 Michigan Plaza');
insert into SINHVIEN (MaSinhVien, HoTen, Phai, NgaySinh, DiaChi) values (276, 'Marco McCaw', 'Male', '11/28/1997', '138 Merry Crossing');
insert into SINHVIEN (MaSinhVien, HoTen, Phai, NgaySinh, DiaChi) values (277, 'Beulah Vedstra', 'Female', '3/6/1997', '6 Hagan Alley');
insert into SINHVIEN (MaSinhVien, HoTen, Phai, NgaySinh, DiaChi) values (278, 'Dawn Moir', 'Female', '1/22/1997', '930 Mesta Circle');
insert into SINHVIEN (MaSinhVien, HoTen, Phai, NgaySinh, DiaChi) values (279, 'Doloritas Stovin', 'Female', '6/20/1997', '438 Washington Point');
insert into SINHVIEN (MaSinhVien, HoTen, Phai, NgaySinh, DiaChi) values (280, 'Tucker Brooking', 'Male', '3/4/1997', '6826 High Crossing Circle');
insert into SINHVIEN (MaSinhVien, HoTen, Phai, NgaySinh, DiaChi) values (281, 'Nissa Olver', 'Female', '3/3/1997', '572 Eastlawn Parkway');
insert into SINHVIEN (MaSinhVien, HoTen, Phai, NgaySinh, DiaChi) values (282, 'Konstantin Matieu', 'Male', '1/1/1997', '86 Toban Point');
insert into SINHVIEN (MaSinhVien, HoTen, Phai, NgaySinh, DiaChi) values (283, 'Stephana Tinghill', 'Female', '6/21/1997', '66536 Manitowish Point');
insert into SINHVIEN (MaSinhVien, HoTen, Phai, NgaySinh, DiaChi) values (284, 'Sallyanne Jandak', 'Female', '12/3/1997', '0257 Haas Circle');
insert into SINHVIEN (MaSinhVien, HoTen, Phai, NgaySinh, DiaChi) values (285, 'Garrett Molesworth', 'Male', '11/23/1997', '4 High Crossing Parkway');
insert into SINHVIEN (MaSinhVien, HoTen, Phai, NgaySinh, DiaChi) values (286, 'Dag Baulch', 'Male', '4/8/1997', '46 Orin Road');
insert into SINHVIEN (MaSinhVien, HoTen, Phai, NgaySinh, DiaChi) values (287, 'Bunnie Braxay', 'Female', '6/18/1997', '6 Badeau Plaza');
insert into SINHVIEN (MaSinhVien, HoTen, Phai, NgaySinh, DiaChi) values (288, 'Sunny Wrigglesworth', 'Male', '7/8/1997', '832 Onsgard Lane');
insert into SINHVIEN (MaSinhVien, HoTen, Phai, NgaySinh, DiaChi) values (289, 'Jacquelin Axby', 'Female', '2/26/1997', '58148 Bluejay Hill');
insert into SINHVIEN (MaSinhVien, HoTen, Phai, NgaySinh, DiaChi) values (290, 'Lawton Catanheira', 'Male', '5/5/1997', '5 Sunnyside Alley');
insert into SINHVIEN (MaSinhVien, HoTen, Phai, NgaySinh, DiaChi) values (291, 'Kort Mulhill', 'Male', '9/19/1997', '58 Ilene Hill');
insert into SINHVIEN (MaSinhVien, HoTen, Phai, NgaySinh, DiaChi) values (292, 'Kennedy Strapp', 'Male', '10/23/1997', '48080 Sloan Plaza');
insert into SINHVIEN (MaSinhVien, HoTen, Phai, NgaySinh, DiaChi) values (293, 'Brian Ioannidis', 'Male', '5/16/1997', '62 Parkside Street');
insert into SINHVIEN (MaSinhVien, HoTen, Phai, NgaySinh, DiaChi) values (294, 'Lincoln Roxby', 'Male', '10/3/1997', '7 Carey Center');
insert into SINHVIEN (MaSinhVien, HoTen, Phai, NgaySinh, DiaChi) values (295, 'Willyt Brounsell', 'Female', '2/24/1997', '307 Vernon Street');
insert into SINHVIEN (MaSinhVien, HoTen, Phai, NgaySinh, DiaChi) values (296, 'Corri Marriot', 'Female', '4/19/1997', '526 Porter Hill');
insert into SINHVIEN (MaSinhVien, HoTen, Phai, NgaySinh, DiaChi) values (297, 'Agustin Baitman', 'Male', '6/7/1997', '463 Westend Drive');
insert into SINHVIEN (MaSinhVien, HoTen, Phai, NgaySinh, DiaChi) values (298, 'Verna Althrope', 'Female', '6/2/1997', '88 Westridge Alley');
insert into SINHVIEN (MaSinhVien, HoTen, Phai, NgaySinh, DiaChi) values (299, 'Nelly Aulds', 'Female', '10/9/1997', '56292 Boyd Hill');
insert into SINHVIEN (MaSinhVien, HoTen, Phai, NgaySinh, DiaChi) values (300, 'Jeannine Erwin', 'Female', '1/23/1997', '94964 Del Mar Way');
insert into SINHVIEN (MaSinhVien, HoTen, Phai, NgaySinh, DiaChi) values (301, 'Aliza Shreenan', 'Female', '7/8/1997', '6 Stephen Court');
insert into SINHVIEN (MaSinhVien, HoTen, Phai, NgaySinh, DiaChi) values (302, 'Brannon Mingauld', 'Male', '7/12/1997', '72403 Annamark Way');
insert into SINHVIEN (MaSinhVien, HoTen, Phai, NgaySinh, DiaChi) values (303, 'Fax Comiam', 'Male', '11/20/1997', '2863 New Castle Park');
insert into SINHVIEN (MaSinhVien, HoTen, Phai, NgaySinh, DiaChi) values (304, 'Esta Lambarton', 'Female', '12/8/1997', '88301 Nevada Place');
insert into SINHVIEN (MaSinhVien, HoTen, Phai, NgaySinh, DiaChi) values (305, 'Cherilynn Rowsell', 'Female', '2/13/1997', '5335 Sloan Alley');
insert into SINHVIEN (MaSinhVien, HoTen, Phai, NgaySinh, DiaChi) values (306, 'Horatius Starsmeare', 'Male', '8/26/1997', '9 Spohn Avenue');
insert into SINHVIEN (MaSinhVien, HoTen, Phai, NgaySinh, DiaChi) values (307, 'Gwenni Miguet', 'Female', '11/6/1997', '0 Utah Alley');
insert into SINHVIEN (MaSinhVien, HoTen, Phai, NgaySinh, DiaChi) values (308, 'Arabela Tallow', 'Female', '11/25/1997', '9 Westerfield Pass');
insert into SINHVIEN (MaSinhVien, HoTen, Phai, NgaySinh, DiaChi) values (309, 'Hale Edgeson', 'Male', '5/29/1997', '96 Duke Terrace');
insert into SINHVIEN (MaSinhVien, HoTen, Phai, NgaySinh, DiaChi) values (310, 'Griz Capineer', 'Male', '10/22/1997', '4605 Canary Place');
insert into SINHVIEN (MaSinhVien, HoTen, Phai, NgaySinh, DiaChi) values (311, 'Gerhard McLaine', 'Male', '7/29/1997', '69 Moose Park');
insert into SINHVIEN (MaSinhVien, HoTen, Phai, NgaySinh, DiaChi) values (312, 'Kandace Phippard', 'Female', '4/20/1997', '971 Texas Park');
insert into SINHVIEN (MaSinhVien, HoTen, Phai, NgaySinh, DiaChi) values (313, 'Carie Scheffler', 'Female', '2/17/1997', '3420 Jay Place');
insert into SINHVIEN (MaSinhVien, HoTen, Phai, NgaySinh, DiaChi) values (314, 'Cleveland Swafield', 'Male', '9/28/1997', '6 Delladonna Point');
insert into SINHVIEN (MaSinhVien, HoTen, Phai, NgaySinh, DiaChi) values (315, 'Edgard Melvin', 'Male', '3/16/1997', '3495 Mccormick Avenue');
insert into SINHVIEN (MaSinhVien, HoTen, Phai, NgaySinh, DiaChi) values (316, 'Josephine Rudderham', 'Female', '6/19/1997', '9 Oxford Trail');
insert into SINHVIEN (MaSinhVien, HoTen, Phai, NgaySinh, DiaChi) values (317, 'Alaine Gooch', 'Female', '1/18/1997', '146 Arrowood Plaza');
insert into SINHVIEN (MaSinhVien, HoTen, Phai, NgaySinh, DiaChi) values (318, 'Claudian Blackman', 'Male', '9/24/1997', '55166 Crownhardt Road');
insert into SINHVIEN (MaSinhVien, HoTen, Phai, NgaySinh, DiaChi) values (319, 'Dallas Schroeder', 'Male', '3/5/1997', '1017 2nd Pass');
insert into SINHVIEN (MaSinhVien, HoTen, Phai, NgaySinh, DiaChi) values (320, 'Lana Brighouse', 'Female', '4/2/1997', '1768 Straubel Center');
insert into SINHVIEN (MaSinhVien, HoTen, Phai, NgaySinh, DiaChi) values (321, 'Cariotta Woodford', 'Female', '3/29/1997', '904 Lake View Point');
insert into SINHVIEN (MaSinhVien, HoTen, Phai, NgaySinh, DiaChi) values (322, 'Lonnie Matchell', 'Male', '2/7/1997', '80935 Pine View Pass');
insert into SINHVIEN (MaSinhVien, HoTen, Phai, NgaySinh, DiaChi) values (323, 'Onfroi de Clercq', 'Male', '11/16/1997', '312 Logan Lane');
insert into SINHVIEN (MaSinhVien, HoTen, Phai, NgaySinh, DiaChi) values (324, 'Nelson Prise', 'Male', '9/1/1997', '8 Hansons Crossing');
insert into SINHVIEN (MaSinhVien, HoTen, Phai, NgaySinh, DiaChi) values (325, 'Humfried Measor', 'Male', '3/15/1997', '6234 Village Pass');
insert into SINHVIEN (MaSinhVien, HoTen, Phai, NgaySinh, DiaChi) values (326, 'Raquel Dur', 'Female', '10/2/1997', '20895 Del Mar Parkway');
insert into SINHVIEN (MaSinhVien, HoTen, Phai, NgaySinh, DiaChi) values (327, 'Jay Wenban', 'Male', '11/3/1997', '2 Coolidge Crossing');
insert into SINHVIEN (MaSinhVien, HoTen, Phai, NgaySinh, DiaChi) values (328, 'Willy Hounsom', 'Male', '11/8/1997', '89343 Sachs Street');
insert into SINHVIEN (MaSinhVien, HoTen, Phai, NgaySinh, DiaChi) values (329, 'Alfie Maryon', 'Male', '4/18/1997', '4184 Loftsgordon Plaza');
insert into SINHVIEN (MaSinhVien, HoTen, Phai, NgaySinh, DiaChi) values (330, 'Jeno Brompton', 'Male', '1/11/1997', '20036 Parkside Lane');
insert into SINHVIEN (MaSinhVien, HoTen, Phai, NgaySinh, DiaChi) values (331, 'Lorraine Poxton', 'Female', '3/29/1997', '4 Stuart Place');
insert into SINHVIEN (MaSinhVien, HoTen, Phai, NgaySinh, DiaChi) values (332, 'Salomon Pevreal', 'Male', '6/25/1997', '16 Becker Circle');
insert into SINHVIEN (MaSinhVien, HoTen, Phai, NgaySinh, DiaChi) values (333, 'Alexina Corson', 'Female', '4/26/1997', '459 Sutteridge Plaza');
insert into SINHVIEN (MaSinhVien, HoTen, Phai, NgaySinh, DiaChi) values (334, 'Corissa Seivertsen', 'Female', '6/10/1997', '26 Moland Terrace');
insert into SINHVIEN (MaSinhVien, HoTen, Phai, NgaySinh, DiaChi) values (335, 'Eleni Maffucci', 'Female', '4/4/1997', '5 Manitowish Plaza');
insert into SINHVIEN (MaSinhVien, HoTen, Phai, NgaySinh, DiaChi) values (336, 'Hendrick Mangion', 'Male', '7/13/1997', '38636 Tony Terrace');
insert into SINHVIEN (MaSinhVien, HoTen, Phai, NgaySinh, DiaChi) values (337, 'Heather Kimble', 'Female', '6/17/1997', '7010 Hermina Place');
insert into SINHVIEN (MaSinhVien, HoTen, Phai, NgaySinh, DiaChi) values (338, 'Krysta Aguilar', 'Female', '6/5/1997', '9251 Eagle Crest Junction');
insert into SINHVIEN (MaSinhVien, HoTen, Phai, NgaySinh, DiaChi) values (339, 'Jami Caser', 'Female', '1/20/1997', '923 Dahle Avenue');
insert into SINHVIEN (MaSinhVien, HoTen, Phai, NgaySinh, DiaChi) values (340, 'William Lacroix', 'Male', '3/9/1997', '634 Birchwood Street');
insert into SINHVIEN (MaSinhVien, HoTen, Phai, NgaySinh, DiaChi) values (341, 'Maynard Faherty', 'Male', '1/22/1997', '8 Meadow Ridge Drive');
insert into SINHVIEN (MaSinhVien, HoTen, Phai, NgaySinh, DiaChi) values (342, 'Wallas Ganderton', 'Male', '9/16/1997', '74 Havey Terrace');
insert into SINHVIEN (MaSinhVien, HoTen, Phai, NgaySinh, DiaChi) values (343, 'Rhetta Balser', 'Female', '12/6/1997', '9 Walton Junction');
insert into SINHVIEN (MaSinhVien, HoTen, Phai, NgaySinh, DiaChi) values (344, 'Fifi Steiner', 'Female', '7/11/1997', '90747 Acker Trail');
insert into SINHVIEN (MaSinhVien, HoTen, Phai, NgaySinh, DiaChi) values (345, 'Nicola Louiset', 'Female', '11/26/1997', '508 Victoria Road');
insert into SINHVIEN (MaSinhVien, HoTen, Phai, NgaySinh, DiaChi) values (346, 'Roberto Ollis', 'Male', '3/10/1997', '9859 Lakeland Plaza');
insert into SINHVIEN (MaSinhVien, HoTen, Phai, NgaySinh, DiaChi) values (347, 'Vonny Ciottoi', 'Female', '1/10/1997', '13424 Hauk Pass');
insert into SINHVIEN (MaSinhVien, HoTen, Phai, NgaySinh, DiaChi) values (348, 'Jayson Tearle', 'Male', '11/2/1997', '48585 Mockingbird Junction');
insert into SINHVIEN (MaSinhVien, HoTen, Phai, NgaySinh, DiaChi) values (349, 'Vilma Gadeaux', 'Female', '1/20/1997', '64 Riverside Center');
insert into SINHVIEN (MaSinhVien, HoTen, Phai, NgaySinh, DiaChi) values (350, 'Philippa Chappelow', 'Female', '10/28/1997', '97 Superior Place');
insert into SINHVIEN (MaSinhVien, HoTen, Phai, NgaySinh, DiaChi) values (351, 'Egor Worrell', 'Male', '11/30/1997', '160 Westridge Terrace');
insert into SINHVIEN (MaSinhVien, HoTen, Phai, NgaySinh, DiaChi) values (352, 'Rooney Pott', 'Male', '9/17/1997', '8 Acker Avenue');
insert into SINHVIEN (MaSinhVien, HoTen, Phai, NgaySinh, DiaChi) values (353, 'Annis Rawsen', 'Female', '9/9/1997', '1606 Maple Point');
insert into SINHVIEN (MaSinhVien, HoTen, Phai, NgaySinh, DiaChi) values (354, 'Iseabal Cordon', 'Female', '7/26/1997', '6952 Center Trail');
insert into SINHVIEN (MaSinhVien, HoTen, Phai, NgaySinh, DiaChi) values (355, 'Alvy Itzkowicz', 'Male', '6/28/1997', '32 Thierer Drive');
insert into SINHVIEN (MaSinhVien, HoTen, Phai, NgaySinh, DiaChi) values (356, 'Kennith Caldecott', 'Male', '9/28/1997', '2 Dexter Point');
insert into SINHVIEN (MaSinhVien, HoTen, Phai, NgaySinh, DiaChi) values (357, 'Frieda Sears', 'Female', '12/8/1997', '4 Arkansas Lane');
insert into SINHVIEN (MaSinhVien, HoTen, Phai, NgaySinh, DiaChi) values (358, 'Thain Parnby', 'Male', '3/9/1997', '12884 Algoma Crossing');
insert into SINHVIEN (MaSinhVien, HoTen, Phai, NgaySinh, DiaChi) values (359, 'Lucretia Goodboddy', 'Female', '12/11/1997', '50 Lien Way');
insert into SINHVIEN (MaSinhVien, HoTen, Phai, NgaySinh, DiaChi) values (360, 'Augustine McElhargy', 'Male', '9/28/1997', '86905 Nancy Court');
insert into SINHVIEN (MaSinhVien, HoTen, Phai, NgaySinh, DiaChi) values (361, 'Humbert Castiblanco', 'Male', '10/11/1997', '09423 7th Court');
insert into SINHVIEN (MaSinhVien, HoTen, Phai, NgaySinh, DiaChi) values (362, 'Drusie Corbie', 'Female', '10/10/1997', '417 Butternut Plaza');
insert into SINHVIEN (MaSinhVien, HoTen, Phai, NgaySinh, DiaChi) values (363, 'Leshia Sherbourne', 'Female', '11/6/1997', '2 Hanson Hill');
insert into SINHVIEN (MaSinhVien, HoTen, Phai, NgaySinh, DiaChi) values (364, 'Audi Bazely', 'Female', '5/26/1997', '5444 Golden Leaf Park');
insert into SINHVIEN (MaSinhVien, HoTen, Phai, NgaySinh, DiaChi) values (365, 'Gwendolin Amiable', 'Female', '1/25/1997', '31 Maple Wood Street');
insert into SINHVIEN (MaSinhVien, HoTen, Phai, NgaySinh, DiaChi) values (366, 'Massimiliano Gadie', 'Male', '6/15/1997', '0 Namekagon Road');
insert into SINHVIEN (MaSinhVien, HoTen, Phai, NgaySinh, DiaChi) values (367, 'Anastasie Vallantine', 'Female', '8/13/1997', '5 Mayer Trail');
insert into SINHVIEN (MaSinhVien, HoTen, Phai, NgaySinh, DiaChi) values (368, 'Maryjane Houlworth', 'Female', '2/7/1997', '3170 Debra Road');
insert into SINHVIEN (MaSinhVien, HoTen, Phai, NgaySinh, DiaChi) values (369, 'Gerick Ioannou', 'Male', '5/13/1997', '384 Canary Trail');
insert into SINHVIEN (MaSinhVien, HoTen, Phai, NgaySinh, DiaChi) values (370, 'Rosalynd Belcher', 'Female', '12/11/1997', '039 Merchant Hill');
insert into SINHVIEN (MaSinhVien, HoTen, Phai, NgaySinh, DiaChi) values (371, 'Rosamund Cuniam', 'Female', '7/10/1997', '884 Almo Place');
insert into SINHVIEN (MaSinhVien, HoTen, Phai, NgaySinh, DiaChi) values (372, 'Cyril Madge', 'Male', '6/9/1997', '4487 Ronald Regan Parkway');
insert into SINHVIEN (MaSinhVien, HoTen, Phai, NgaySinh, DiaChi) values (373, 'Lorine Akroyd', 'Female', '2/4/1997', '46 Ilene Avenue');
insert into SINHVIEN (MaSinhVien, HoTen, Phai, NgaySinh, DiaChi) values (374, 'Ermina Scarth', 'Female', '5/31/1997', '52144 Crownhardt Junction');
insert into SINHVIEN (MaSinhVien, HoTen, Phai, NgaySinh, DiaChi) values (375, 'Kinna Didball', 'Female', '10/23/1997', '92582 Blackbird Pass');
insert into SINHVIEN (MaSinhVien, HoTen, Phai, NgaySinh, DiaChi) values (376, 'Lilian Avent', 'Female', '10/4/1997', '13978 Westridge Lane');
insert into SINHVIEN (MaSinhVien, HoTen, Phai, NgaySinh, DiaChi) values (377, 'Saw Whellams', 'Male', '9/7/1997', '53426 Buell Court');
insert into SINHVIEN (MaSinhVien, HoTen, Phai, NgaySinh, DiaChi) values (378, 'Hanna Braidwood', 'Female', '8/27/1997', '64137 Cardinal Junction');
insert into SINHVIEN (MaSinhVien, HoTen, Phai, NgaySinh, DiaChi) values (379, 'Arnie Sneaker', 'Male', '3/2/1997', '68 Miller Center');
insert into SINHVIEN (MaSinhVien, HoTen, Phai, NgaySinh, DiaChi) values (380, 'Kyla De Freyne', 'Female', '6/26/1997', '60 Straubel Center');
insert into SINHVIEN (MaSinhVien, HoTen, Phai, NgaySinh, DiaChi) values (381, 'Perl Pavlishchev', 'Female', '6/13/1997', '2 Lukken Lane');
insert into SINHVIEN (MaSinhVien, HoTen, Phai, NgaySinh, DiaChi) values (382, 'Blakeley Beaford', 'Female', '5/29/1997', '1478 Boyd Center');
insert into SINHVIEN (MaSinhVien, HoTen, Phai, NgaySinh, DiaChi) values (383, 'Cathie Liddle', 'Female', '7/24/1997', '298 Declaration Way');
insert into SINHVIEN (MaSinhVien, HoTen, Phai, NgaySinh, DiaChi) values (384, 'Massimiliano Rawlinson', 'Male', '12/6/1997', '14001 Derek Terrace');
insert into SINHVIEN (MaSinhVien, HoTen, Phai, NgaySinh, DiaChi) values (385, 'Vikki Harbinson', 'Female', '4/7/1997', '49160 Parkside Street');
insert into SINHVIEN (MaSinhVien, HoTen, Phai, NgaySinh, DiaChi) values (386, 'Cicily Goomes', 'Female', '7/4/1997', '0 Becker Avenue');
insert into SINHVIEN (MaSinhVien, HoTen, Phai, NgaySinh, DiaChi) values (387, 'Willi Commusso', 'Male', '1/7/1997', '30734 Maple Court');
insert into SINHVIEN (MaSinhVien, HoTen, Phai, NgaySinh, DiaChi) values (388, 'Holt Spennock', 'Male', '7/10/1997', '8847 Dennis Crossing');
insert into SINHVIEN (MaSinhVien, HoTen, Phai, NgaySinh, DiaChi) values (389, 'Rob St. Aubyn', 'Male', '11/5/1997', '4 Karstens Road');
insert into SINHVIEN (MaSinhVien, HoTen, Phai, NgaySinh, DiaChi) values (390, 'Hanni Dalmon', 'Female', '10/7/1997', '815 Porter Court');
insert into SINHVIEN (MaSinhVien, HoTen, Phai, NgaySinh, DiaChi) values (391, 'Noelle Itzhak', 'Female', '4/26/1997', '6 Northridge Road');
insert into SINHVIEN (MaSinhVien, HoTen, Phai, NgaySinh, DiaChi) values (392, 'Flint Cavy', 'Male', '7/6/1997', '9 Hermina Lane');
insert into SINHVIEN (MaSinhVien, HoTen, Phai, NgaySinh, DiaChi) values (393, 'Emilio Bembrigg', 'Male', '4/5/1997', '59 Farwell Way');
insert into SINHVIEN (MaSinhVien, HoTen, Phai, NgaySinh, DiaChi) values (394, 'Fleurette Emery', 'Female', '9/18/1997', '7475 Sugar Street');
insert into SINHVIEN (MaSinhVien, HoTen, Phai, NgaySinh, DiaChi) values (395, 'Anton Arp', 'Male', '9/2/1997', '3898 Swallow Point');
insert into SINHVIEN (MaSinhVien, HoTen, Phai, NgaySinh, DiaChi) values (396, 'Quinta Hartzogs', 'Female', '10/5/1997', '3014 Eliot Avenue');
insert into SINHVIEN (MaSinhVien, HoTen, Phai, NgaySinh, DiaChi) values (397, 'Maxie Gornall', 'Male', '4/27/1997', '5531 Quincy Drive');
insert into SINHVIEN (MaSinhVien, HoTen, Phai, NgaySinh, DiaChi) values (398, 'Lonny Ciccetti', 'Male', '5/11/1997', '2 Holmberg Park');
insert into SINHVIEN (MaSinhVien, HoTen, Phai, NgaySinh, DiaChi) values (399, 'Purcell Epp', 'Male', '8/17/1997', '818 Eastwood Parkway');
insert into SINHVIEN (MaSinhVien, HoTen, Phai, NgaySinh, DiaChi) values (400, 'Gery Iskowicz', 'Male', '4/30/1997', '0 Dawn Circle');
insert into SINHVIEN (MaSinhVien, HoTen, Phai, NgaySinh, DiaChi) values (401, 'Jedidiah Kalberer', 'Male', '12/8/1997', '0 Carpenter Drive');
insert into SINHVIEN (MaSinhVien, HoTen, Phai, NgaySinh, DiaChi) values (402, 'Stevana Muehler', 'Female', '1/17/1997', '70639 Corry Road');
insert into SINHVIEN (MaSinhVien, HoTen, Phai, NgaySinh, DiaChi) values (403, 'Oran Coxen', 'Male', '7/22/1997', '7615 Lake View Avenue');
insert into SINHVIEN (MaSinhVien, HoTen, Phai, NgaySinh, DiaChi) values (404, 'Teodoor Allenson', 'Male', '6/22/1997', '1 Del Mar Plaza');
insert into SINHVIEN (MaSinhVien, HoTen, Phai, NgaySinh, DiaChi) values (405, 'Olin Calrow', 'Male', '1/23/1997', '67 Buell Avenue');
insert into SINHVIEN (MaSinhVien, HoTen, Phai, NgaySinh, DiaChi) values (406, 'Theodore Humpherston', 'Male', '6/10/1997', '7403 Veith Lane');
insert into SINHVIEN (MaSinhVien, HoTen, Phai, NgaySinh, DiaChi) values (407, 'Arielle Menlow', 'Female', '4/22/1997', '0 Warbler Crossing');
insert into SINHVIEN (MaSinhVien, HoTen, Phai, NgaySinh, DiaChi) values (408, 'Llewellyn Drewery', 'Male', '9/14/1997', '25 Swallow Junction');
insert into SINHVIEN (MaSinhVien, HoTen, Phai, NgaySinh, DiaChi) values (409, 'Mel Dallyn', 'Male', '5/26/1997', '03557 Hanover Drive');
insert into SINHVIEN (MaSinhVien, HoTen, Phai, NgaySinh, DiaChi) values (410, 'Jesselyn Adriaens', 'Female', '10/17/1997', '5 Surrey Lane');
insert into SINHVIEN (MaSinhVien, HoTen, Phai, NgaySinh, DiaChi) values (411, 'Armin Leaf', 'Male', '1/21/1997', '446 Eggendart Drive');
insert into SINHVIEN (MaSinhVien, HoTen, Phai, NgaySinh, DiaChi) values (412, 'Holden Agron', 'Male', '11/2/1997', '6092 Onsgard Road');
insert into SINHVIEN (MaSinhVien, HoTen, Phai, NgaySinh, DiaChi) values (413, 'Ciel Mattiazzo', 'Female', '6/3/1997', '6837 Calypso Junction');
insert into SINHVIEN (MaSinhVien, HoTen, Phai, NgaySinh, DiaChi) values (414, 'Melissa Graalman', 'Female', '3/20/1997', '77970 Burning Wood Avenue');
insert into SINHVIEN (MaSinhVien, HoTen, Phai, NgaySinh, DiaChi) values (415, 'Dore Manicomb', 'Male', '10/18/1997', '67075 Brentwood Crossing');
insert into SINHVIEN (MaSinhVien, HoTen, Phai, NgaySinh, DiaChi) values (416, 'Nessi Pringley', 'Female', '2/20/1997', '46 Bonner Drive');
insert into SINHVIEN (MaSinhVien, HoTen, Phai, NgaySinh, DiaChi) values (417, 'Web Foggo', 'Male', '4/2/1997', '032 Transport Way');
insert into SINHVIEN (MaSinhVien, HoTen, Phai, NgaySinh, DiaChi) values (418, 'Ruben Gretham', 'Male', '10/19/1997', '75 Basil Plaza');
insert into SINHVIEN (MaSinhVien, HoTen, Phai, NgaySinh, DiaChi) values (419, 'Ursala O'' Mullan', 'Female', '8/2/1997', '647 Carpenter Point');
insert into SINHVIEN (MaSinhVien, HoTen, Phai, NgaySinh, DiaChi) values (420, 'Richart Bartlet', 'Male', '1/11/1997', '77 Luster Road');
insert into SINHVIEN (MaSinhVien, HoTen, Phai, NgaySinh, DiaChi) values (421, 'Kora Rickerby', 'Female', '7/11/1997', '938 Vahlen Road');
insert into SINHVIEN (MaSinhVien, HoTen, Phai, NgaySinh, DiaChi) values (422, 'Gwendolen Raine', 'Female', '12/8/1997', '4 Clyde Gallagher Street');
insert into SINHVIEN (MaSinhVien, HoTen, Phai, NgaySinh, DiaChi) values (423, 'Ximenez Dennes', 'Male', '2/18/1997', '44702 Laurel Place');
insert into SINHVIEN (MaSinhVien, HoTen, Phai, NgaySinh, DiaChi) values (424, 'Harper Rain', 'Male', '6/9/1997', '638 Grim Point');
insert into SINHVIEN (MaSinhVien, HoTen, Phai, NgaySinh, DiaChi) values (425, 'Dayle Simonyi', 'Female', '6/17/1997', '36 Lakewood Way');
insert into SINHVIEN (MaSinhVien, HoTen, Phai, NgaySinh, DiaChi) values (426, 'Etty Ellard', 'Female', '3/21/1997', '8309 7th Avenue');
insert into SINHVIEN (MaSinhVien, HoTen, Phai, NgaySinh, DiaChi) values (427, 'Rozalin Warratt', 'Female', '9/9/1997', '3 Hayes Pass');
insert into SINHVIEN (MaSinhVien, HoTen, Phai, NgaySinh, DiaChi) values (428, 'Andree Kelsell', 'Female', '5/26/1997', '29 Judy Center');
insert into SINHVIEN (MaSinhVien, HoTen, Phai, NgaySinh, DiaChi) values (429, 'Kaiser Cuniam', 'Male', '7/7/1997', '49625 Maple Parkway');
insert into SINHVIEN (MaSinhVien, HoTen, Phai, NgaySinh, DiaChi) values (430, 'Norry Wadie', 'Male', '6/16/1997', '9582 Butterfield Trail');
insert into SINHVIEN (MaSinhVien, HoTen, Phai, NgaySinh, DiaChi) values (431, 'Carlynne Devanney', 'Female', '7/19/1997', '1364 Clemons Alley');
insert into SINHVIEN (MaSinhVien, HoTen, Phai, NgaySinh, DiaChi) values (432, 'Hamlen Geffe', 'Male', '11/6/1997', '3028 Manley Place');
insert into SINHVIEN (MaSinhVien, HoTen, Phai, NgaySinh, DiaChi) values (433, 'Adaline Gemelli', 'Female', '10/20/1997', '85 Dayton Point');
insert into SINHVIEN (MaSinhVien, HoTen, Phai, NgaySinh, DiaChi) values (434, 'Anne Giorgini', 'Female', '1/30/1997', '66 Atwood Street');
insert into SINHVIEN (MaSinhVien, HoTen, Phai, NgaySinh, DiaChi) values (435, 'Tabbitha MacDonough', 'Female', '8/14/1997', '62 Westridge Road');
insert into SINHVIEN (MaSinhVien, HoTen, Phai, NgaySinh, DiaChi) values (436, 'Daffi Santos', 'Female', '2/10/1997', '6 6th Alley');
insert into SINHVIEN (MaSinhVien, HoTen, Phai, NgaySinh, DiaChi) values (437, 'Crystie Kenyam', 'Female', '7/22/1997', '40085 Petterle Hill');
insert into SINHVIEN (MaSinhVien, HoTen, Phai, NgaySinh, DiaChi) values (438, 'Sandor Temperley', 'Male', '12/5/1997', '28113 Dakota Point');
insert into SINHVIEN (MaSinhVien, HoTen, Phai, NgaySinh, DiaChi) values (439, 'Ethelind Finney', 'Female', '4/4/1997', '13321 Paget Lane');
insert into SINHVIEN (MaSinhVien, HoTen, Phai, NgaySinh, DiaChi) values (440, 'Kaycee Chessor', 'Female', '8/8/1997', '3 Butterfield Circle');
insert into SINHVIEN (MaSinhVien, HoTen, Phai, NgaySinh, DiaChi) values (441, 'Piotr Belliard', 'Male', '9/27/1997', '25 Evergreen Point');
insert into SINHVIEN (MaSinhVien, HoTen, Phai, NgaySinh, DiaChi) values (442, 'Thorpe Fitzackerley', 'Male', '7/29/1997', '97617 Ryan Alley');
insert into SINHVIEN (MaSinhVien, HoTen, Phai, NgaySinh, DiaChi) values (443, 'Hester Brissenden', 'Female', '10/16/1997', '71 Brown Terrace');
insert into SINHVIEN (MaSinhVien, HoTen, Phai, NgaySinh, DiaChi) values (444, 'Abby Puig', 'Female', '3/22/1997', '3264 Bellgrove Drive');
insert into SINHVIEN (MaSinhVien, HoTen, Phai, NgaySinh, DiaChi) values (445, 'Hartley McCarlie', 'Male', '2/28/1997', '16 Sugar Park');
insert into SINHVIEN (MaSinhVien, HoTen, Phai, NgaySinh, DiaChi) values (446, 'Giorgia Blinder', 'Female', '9/5/1997', '548 Northland Place');
insert into SINHVIEN (MaSinhVien, HoTen, Phai, NgaySinh, DiaChi) values (447, 'Josephina Gravener', 'Female', '4/5/1997', '67469 Vera Trail');
insert into SINHVIEN (MaSinhVien, HoTen, Phai, NgaySinh, DiaChi) values (448, 'Rosanna Machans', 'Female', '7/5/1997', '720 Steensland Park');
insert into SINHVIEN (MaSinhVien, HoTen, Phai, NgaySinh, DiaChi) values (449, 'Percy Cabble', 'Male', '8/31/1997', '6 Moulton Pass');
insert into SINHVIEN (MaSinhVien, HoTen, Phai, NgaySinh, DiaChi) values (450, 'Zarah Swetmore', 'Female', '6/21/1997', '5774 Sunbrook Court');
insert into CHUYENNGANH(MaNganh,TenNganh,SLChuyenDe,SLSinhVien) values('CNTT','Cong Nghe Thong Tin',6,410)
insert into CHUYENNGANH(MaNganh,TenNganh,SLChuyenDe,SLSinhVien) values('LKT','Luat Kinh Te',8,449)
insert into CHUYENNGANH(MaNganh,TenNganh,SLChuyenDe,SLSinhVien) values('NNA','Ngon Ngu Anh',7,433)
insert into CHUYENNGANH(MaNganh,TenNganh,SLChuyenDe,SLSinhVien) values('QTKD','Quan Tri Kinh Doanh',6,454)
insert into HocChuyenNganh (MaSinhVien, MaNganh) values (47, 'NNA');
insert into HocChuyenNganh (MaSinhVien, MaNganh) values (355, 'LKT');
insert into HocChuyenNganh (MaSinhVien, MaNganh) values (273, 'QTKD');
insert into HocChuyenNganh (MaSinhVien, MaNganh) values (338, 'QTKD');
insert into HocChuyenNganh (MaSinhVien, MaNganh) values (302, 'QTKD');
insert into HocChuyenNganh (MaSinhVien, MaNganh) values (430, 'NNA');
insert into HocChuyenNganh (MaSinhVien, MaNganh) values (40, 'NNA');
insert into HocChuyenNganh (MaSinhVien, MaNganh) values (87, 'NNA');
insert into HocChuyenNganh (MaSinhVien, MaNganh) values (310, 'NNA');
insert into HocChuyenNganh (MaSinhVien, MaNganh) values (266, 'CNTT');
insert into HocChuyenNganh (MaSinhVien, MaNganh) values (244, 'NNA');
insert into HocChuyenNganh (MaSinhVien, MaNganh) values (379, 'QTKD');
insert into HocChuyenNganh (MaSinhVien, MaNganh) values (110, 'NNA');
insert into HocChuyenNganh (MaSinhVien, MaNganh) values (42, 'CNTT');
insert into HocChuyenNganh (MaSinhVien, MaNganh) values (255, 'NNA');
insert into HocChuyenNganh (MaSinhVien, MaNganh) values (243, 'QTKD');
insert into HocChuyenNganh (MaSinhVien, MaNganh) values (164, 'NNA');
insert into HocChuyenNganh (MaSinhVien, MaNganh) values (131, 'CNTT');
insert into HocChuyenNganh (MaSinhVien, MaNganh) values (91, 'CNTT');
insert into HocChuyenNganh (MaSinhVien, MaNganh) values (391, 'CNTT');
insert into HocChuyenNganh (MaSinhVien, MaNganh) values (51, 'CNTT');
insert into HocChuyenNganh (MaSinhVien, MaNganh) values (371, 'CNTT');
insert into HocChuyenNganh (MaSinhVien, MaNganh) values (287, 'QTKD');
insert into HocChuyenNganh (MaSinhVien, MaNganh) values (164, 'CNTT');
insert into HocChuyenNganh (MaSinhVien, MaNganh) values (301, 'NNA');
insert into HocChuyenNganh (MaSinhVien, MaNganh) values (303, 'CNTT');
insert into HocChuyenNganh (MaSinhVien, MaNganh) values (319, 'QTKD');
insert into HocChuyenNganh (MaSinhVien, MaNganh) values (182, 'LKT');
insert into HocChuyenNganh (MaSinhVien, MaNganh) values (199, 'LKT');
insert into HocChuyenNganh (MaSinhVien, MaNganh) values (199, 'QTKD');
insert into HocChuyenNganh (MaSinhVien, MaNganh) values (369, 'NNA');
insert into HocChuyenNganh (MaSinhVien, MaNganh) values (294, 'CNTT');
insert into HocChuyenNganh (MaSinhVien, MaNganh) values (222, 'NNA');
insert into HocChuyenNganh (MaSinhVien, MaNganh) values (206, 'QTKD');
insert into HocChuyenNganh (MaSinhVien, MaNganh) values (106, 'NNA');
insert into HocChuyenNganh (MaSinhVien, MaNganh) values (438, 'CNTT');
insert into HocChuyenNganh (MaSinhVien, MaNganh) values (327, 'CNTT');
insert into HocChuyenNganh (MaSinhVien, MaNganh) values (192, 'CNTT');
insert into HocChuyenNganh (MaSinhVien, MaNganh) values (411, 'CNTT');
insert into HocChuyenNganh (MaSinhVien, MaNganh) values (415, 'QTKD');
insert into HocChuyenNganh (MaSinhVien, MaNganh) values (57, 'LKT');
insert into HocChuyenNganh (MaSinhVien, MaNganh) values (225, 'NNA');
insert into HocChuyenNganh (MaSinhVien, MaNganh) values (108, 'NNA');
insert into HocChuyenNganh (MaSinhVien, MaNganh) values (292, 'NNA');
insert into HocChuyenNganh (MaSinhVien, MaNganh) values (195, 'NNA');
insert into HocChuyenNganh (MaSinhVien, MaNganh) values (382, 'NNA');
insert into HocChuyenNganh (MaSinhVien, MaNganh) values (39, 'NNA');
insert into HocChuyenNganh (MaSinhVien, MaNganh) values (382, 'NNA');
insert into HocChuyenNganh (MaSinhVien, MaNganh) values (113, 'QTKD');
insert into HocChuyenNganh (MaSinhVien, MaNganh) values (222, 'QTKD');
insert into HocChuyenNganh (MaSinhVien, MaNganh) values (126, 'CNTT');
insert into HocChuyenNganh (MaSinhVien, MaNganh) values (430, 'CNTT');
insert into HocChuyenNganh (MaSinhVien, MaNganh) values (240, 'QTKD');
insert into HocChuyenNganh (MaSinhVien, MaNganh) values (243, 'QTKD');
insert into HocChuyenNganh (MaSinhVien, MaNganh) values (247, 'QTKD');
insert into HocChuyenNganh (MaSinhVien, MaNganh) values (351, 'NNA');
insert into HocChuyenNganh (MaSinhVien, MaNganh) values (440, 'NNA');
insert into HocChuyenNganh (MaSinhVien, MaNganh) values (110, 'CNTT');
insert into HocChuyenNganh (MaSinhVien, MaNganh) values (394, 'QTKD');
insert into HocChuyenNganh (MaSinhVien, MaNganh) values (367, 'NNA');
insert into HocChuyenNganh (MaSinhVien, MaNganh) values (360, 'CNTT');
insert into HocChuyenNganh (MaSinhVien, MaNganh) values (71, 'QTKD');
insert into HocChuyenNganh (MaSinhVien, MaNganh) values (402, 'NNA');
insert into HocChuyenNganh (MaSinhVien, MaNganh) values (312, 'LKT');
insert into HocChuyenNganh (MaSinhVien, MaNganh) values (176, 'QTKD');
insert into HocChuyenNganh (MaSinhVien, MaNganh) values (141, 'QTKD');
insert into HocChuyenNganh (MaSinhVien, MaNganh) values (240, 'LKT');
insert into HocChuyenNganh (MaSinhVien, MaNganh) values (377, 'NNA');
insert into HocChuyenNganh (MaSinhVien, MaNganh) values (429, 'QTKD');
insert into HocChuyenNganh (MaSinhVien, MaNganh) values (219, 'NNA');
insert into HocChuyenNganh (MaSinhVien, MaNganh) values (189, 'NNA');
insert into HocChuyenNganh (MaSinhVien, MaNganh) values (101, 'CNTT');
insert into HocChuyenNganh (MaSinhVien, MaNganh) values (91, 'QTKD');
insert into HocChuyenNganh (MaSinhVien, MaNganh) values (51, 'NNA');
insert into HocChuyenNganh (MaSinhVien, MaNganh) values (433, 'NNA');
insert into HocChuyenNganh (MaSinhVien, MaNganh) values (208, 'CNTT');
insert into HocChuyenNganh (MaSinhVien, MaNganh) values (133, 'QTKD');
insert into HocChuyenNganh (MaSinhVien, MaNganh) values (366, 'CNTT');
insert into HocChuyenNganh (MaSinhVien, MaNganh) values (373, 'LKT');
insert into HocChuyenNganh (MaSinhVien, MaNganh) values (205, 'NNA');
insert into HocChuyenNganh (MaSinhVien, MaNganh) values (146, 'QTKD');
insert into HocChuyenNganh (MaSinhVien, MaNganh) values (352, 'CNTT');
insert into HocChuyenNganh (MaSinhVien, MaNganh) values (50, 'LKT');
insert into HocChuyenNganh (MaSinhVien, MaNganh) values (56, 'QTKD');
insert into HocChuyenNganh (MaSinhVien, MaNganh) values (420, 'CNTT');
insert into HocChuyenNganh (MaSinhVien, MaNganh) values (363, 'LKT');
insert into HocChuyenNganh (MaSinhVien, MaNganh) values (166, 'NNA');
insert into HocChuyenNganh (MaSinhVien, MaNganh) values (337, 'NNA');
insert into HocChuyenNganh (MaSinhVien, MaNganh) values (285, 'CNTT');
insert into HocChuyenNganh (MaSinhVien, MaNganh) values (77, 'CNTT');
insert into HocChuyenNganh (MaSinhVien, MaNganh) values (190, 'QTKD');
insert into HocChuyenNganh (MaSinhVien, MaNganh) values (218, 'CNTT');
insert into HocChuyenNganh (MaSinhVien, MaNganh) values (407, 'CNTT');
insert into HocChuyenNganh (MaSinhVien, MaNganh) values (125, 'NNA');
insert into HocChuyenNganh (MaSinhVien, MaNganh) values (353, 'LKT');
insert into HocChuyenNganh (MaSinhVien, MaNganh) values (336, 'CNTT');
insert into HocChuyenNganh (MaSinhVien, MaNganh) values (393, 'LKT');
insert into HocChuyenNganh (MaSinhVien, MaNganh) values (433, 'NNA');
insert into HocChuyenNganh (MaSinhVien, MaNganh) values (16, 'CNTT');
insert into HocChuyenNganh (MaSinhVien, MaNganh) values (174, 'NNA');
insert into HocChuyenNganh (MaSinhVien, MaNganh) values (325, 'LKT');
insert into HocChuyenNganh (MaSinhVien, MaNganh) values (13, 'NNA');
insert into HocChuyenNganh (MaSinhVien, MaNganh) values (26, 'NNA');
insert into HocChuyenNganh (MaSinhVien, MaNganh) values (420, 'QTKD');
insert into HocChuyenNganh (MaSinhVien, MaNganh) values (335, 'CNTT');
insert into HocChuyenNganh (MaSinhVien, MaNganh) values (319, 'CNTT');
insert into HocChuyenNganh (MaSinhVien, MaNganh) values (397, 'CNTT');
insert into HocChuyenNganh (MaSinhVien, MaNganh) values (27, 'CNTT');
insert into HocChuyenNganh (MaSinhVien, MaNganh) values (192, 'LKT');
insert into HocChuyenNganh (MaSinhVien, MaNganh) values (18, 'QTKD');
insert into HocChuyenNganh (MaSinhVien, MaNganh) values (228, 'CNTT');
insert into HocChuyenNganh (MaSinhVien, MaNganh) values (245, 'LKT');
insert into HocChuyenNganh (MaSinhVien, MaNganh) values (204, 'LKT');
insert into HocChuyenNganh (MaSinhVien, MaNganh) values (299, 'NNA');
insert into HocChuyenNganh (MaSinhVien, MaNganh) values (449, 'CNTT');
insert into HocChuyenNganh (MaSinhVien, MaNganh) values (220, 'NNA');
insert into HocChuyenNganh (MaSinhVien, MaNganh) values (292, 'QTKD');
insert into HocChuyenNganh (MaSinhVien, MaNganh) values (320, 'LKT');
insert into HocChuyenNganh (MaSinhVien, MaNganh) values (84, 'CNTT');
insert into HocChuyenNganh (MaSinhVien, MaNganh) values (55, 'LKT');
insert into HocChuyenNganh (MaSinhVien, MaNganh) values (237, 'NNA');
insert into HocChuyenNganh (MaSinhVien, MaNganh) values (432, 'QTKD');
insert into HocChuyenNganh (MaSinhVien, MaNganh) values (66, 'QTKD');
insert into HocChuyenNganh (MaSinhVien, MaNganh) values (35, 'LKT');
insert into HocChuyenNganh (MaSinhVien, MaNganh) values (23, 'CNTT');
insert into HocChuyenNganh (MaSinhVien, MaNganh) values (301, 'QTKD');
insert into HocChuyenNganh (MaSinhVien, MaNganh) values (182, 'CNTT');
insert into HocChuyenNganh (MaSinhVien, MaNganh) values (147, 'NNA');
insert into HocChuyenNganh (MaSinhVien, MaNganh) values (282, 'LKT');
insert into HocChuyenNganh (MaSinhVien, MaNganh) values (222, 'QTKD');
insert into HocChuyenNganh (MaSinhVien, MaNganh) values (429, 'CNTT');
insert into HocChuyenNganh (MaSinhVien, MaNganh) values (365, 'LKT');
insert into HocChuyenNganh (MaSinhVien, MaNganh) values (25, 'CNTT');
insert into HocChuyenNganh (MaSinhVien, MaNganh) values (249, 'CNTT');
insert into HocChuyenNganh (MaSinhVien, MaNganh) values (230, 'LKT');
insert into HocChuyenNganh (MaSinhVien, MaNganh) values (91, 'QTKD');
insert into HocChuyenNganh (MaSinhVien, MaNganh) values (100, 'CNTT');
insert into HocChuyenNganh (MaSinhVien, MaNganh) values (411, 'CNTT');
insert into HocChuyenNganh (MaSinhVien, MaNganh) values (81, 'QTKD');
insert into HocChuyenNganh (MaSinhVien, MaNganh) values (225, 'QTKD');
insert into HocChuyenNganh (MaSinhVien, MaNganh) values (259, 'CNTT');
insert into HocChuyenNganh (MaSinhVien, MaNganh) values (196, 'NNA');
insert into HocChuyenNganh (MaSinhVien, MaNganh) values (342, 'LKT');
insert into HocChuyenNganh (MaSinhVien, MaNganh) values (88, 'LKT');
insert into HocChuyenNganh (MaSinhVien, MaNganh) values (172, 'LKT');
insert into HocChuyenNganh (MaSinhVien, MaNganh) values (155, 'CNTT');
insert into HocChuyenNganh (MaSinhVien, MaNganh) values (197, 'QTKD');
insert into HocChuyenNganh (MaSinhVien, MaNganh) values (90, 'QTKD');
insert into HocChuyenNganh (MaSinhVien, MaNganh) values (428, 'QTKD');
insert into HocChuyenNganh (MaSinhVien, MaNganh) values (71, 'QTKD');
insert into HocChuyenNganh (MaSinhVien, MaNganh) values (96, 'NNA');
insert into HocChuyenNganh (MaSinhVien, MaNganh) values (266, 'LKT');
insert into HocChuyenNganh (MaSinhVien, MaNganh) values (307, 'LKT');
insert into HocChuyenNganh (MaSinhVien, MaNganh) values (282, 'LKT');
insert into HocChuyenNganh (MaSinhVien, MaNganh) values (10, 'CNTT');
insert into HocChuyenNganh (MaSinhVien, MaNganh) values (130, 'QTKD');
insert into HocChuyenNganh (MaSinhVien, MaNganh) values (241, 'QTKD');
insert into HocChuyenNganh (MaSinhVien, MaNganh) values (164, 'CNTT');
insert into HocChuyenNganh (MaSinhVien, MaNganh) values (18, 'NNA');
insert into HocChuyenNganh (MaSinhVien, MaNganh) values (21, 'QTKD');
insert into HocChuyenNganh (MaSinhVien, MaNganh) values (429, 'QTKD');
insert into HocChuyenNganh (MaSinhVien, MaNganh) values (235, 'NNA');
insert into HocChuyenNganh (MaSinhVien, MaNganh) values (403, 'LKT');
insert into HocChuyenNganh (MaSinhVien, MaNganh) values (68, 'NNA');
insert into HocChuyenNganh (MaSinhVien, MaNganh) values (450, 'NNA');
insert into HocChuyenNganh (MaSinhVien, MaNganh) values (18, 'NNA');
insert into HocChuyenNganh (MaSinhVien, MaNganh) values (391, 'QTKD');
insert into HocChuyenNganh (MaSinhVien, MaNganh) values (109, 'QTKD');
insert into HocChuyenNganh (MaSinhVien, MaNganh) values (404, 'QTKD');
insert into HocChuyenNganh (MaSinhVien, MaNganh) values (52, 'CNTT');
insert into HocChuyenNganh (MaSinhVien, MaNganh) values (272, 'QTKD');
insert into HocChuyenNganh (MaSinhVien, MaNganh) values (393, 'QTKD');
insert into HocChuyenNganh (MaSinhVien, MaNganh) values (149, 'CNTT');
insert into HocChuyenNganh (MaSinhVien, MaNganh) values (272, 'QTKD');
insert into HocChuyenNganh (MaSinhVien, MaNganh) values (78, 'LKT');
insert into HocChuyenNganh (MaSinhVien, MaNganh) values (295, 'CNTT');
insert into HocChuyenNganh (MaSinhVien, MaNganh) values (407, 'LKT');
insert into HocChuyenNganh (MaSinhVien, MaNganh) values (195, 'QTKD');
insert into HocChuyenNganh (MaSinhVien, MaNganh) values (400, 'QTKD');
insert into HocChuyenNganh (MaSinhVien, MaNganh) values (204, 'QTKD');
insert into HocChuyenNganh (MaSinhVien, MaNganh) values (273, 'NNA');
insert into HocChuyenNganh (MaSinhVien, MaNganh) values (162, 'LKT');
insert into HocChuyenNganh (MaSinhVien, MaNganh) values (328, 'CNTT');
insert into HocChuyenNganh (MaSinhVien, MaNganh) values (85, 'LKT');
insert into HocChuyenNganh (MaSinhVien, MaNganh) values (422, 'LKT');
insert into HocChuyenNganh (MaSinhVien, MaNganh) values (104, 'CNTT');
insert into HocChuyenNganh (MaSinhVien, MaNganh) values (25, 'NNA');
insert into HocChuyenNganh (MaSinhVien, MaNganh) values (413, 'NNA');
insert into HocChuyenNganh (MaSinhVien, MaNganh) values (88, 'LKT');
insert into HocChuyenNganh (MaSinhVien, MaNganh) values (48, 'CNTT');
insert into HocChuyenNganh (MaSinhVien, MaNganh) values (129, 'NNA');
insert into HocChuyenNganh (MaSinhVien, MaNganh) values (441, 'NNA');
insert into HocChuyenNganh (MaSinhVien, MaNganh) values (344, 'CNTT');
insert into HocChuyenNganh (MaSinhVien, MaNganh) values (293, 'LKT');
insert into HocChuyenNganh (MaSinhVien, MaNganh) values (369, 'CNTT');
insert into HocChuyenNganh (MaSinhVien, MaNganh) values (34, 'QTKD');
insert into HocChuyenNganh (MaSinhVien, MaNganh) values (176, 'NNA');
insert into HocChuyenNganh (MaSinhVien, MaNganh) values (207, 'NNA');
insert into HocChuyenNganh (MaSinhVien, MaNganh) values (203, 'QTKD');
insert into HocChuyenNganh (MaSinhVien, MaNganh) values (315, 'LKT');
insert into HocChuyenNganh (MaSinhVien, MaNganh) values (378, 'NNA');
insert into HocChuyenNganh (MaSinhVien, MaNganh) values (24, 'NNA');
insert into HocChuyenNganh (MaSinhVien, MaNganh) values (333, 'LKT');
insert into HocChuyenNganh (MaSinhVien, MaNganh) values (32, 'LKT');
insert into HocChuyenNganh (MaSinhVien, MaNganh) values (27, 'CNTT');
insert into HocChuyenNganh (MaSinhVien, MaNganh) values (61, 'LKT');
insert into HocChuyenNganh (MaSinhVien, MaNganh) values (191, 'NNA');
insert into HocChuyenNganh (MaSinhVien, MaNganh) values (386, 'NNA');
insert into HocChuyenNganh (MaSinhVien, MaNganh) values (305, 'NNA');
insert into HocChuyenNganh (MaSinhVien, MaNganh) values (199, 'NNA');
insert into HocChuyenNganh (MaSinhVien, MaNganh) values (80, 'QTKD');
insert into HocChuyenNganh (MaSinhVien, MaNganh) values (412, 'CNTT');
insert into HocChuyenNganh (MaSinhVien, MaNganh) values (23, 'QTKD');
insert into HocChuyenNganh (MaSinhVien, MaNganh) values (252, 'QTKD');
insert into HocChuyenNganh (MaSinhVien, MaNganh) values (432, 'QTKD');
insert into HocChuyenNganh (MaSinhVien, MaNganh) values (101, 'CNTT');
insert into HocChuyenNganh (MaSinhVien, MaNganh) values (74, 'NNA');
insert into HocChuyenNganh (MaSinhVien, MaNganh) values (303, 'CNTT');
insert into HocChuyenNganh (MaSinhVien, MaNganh) values (42, 'LKT');
insert into HocChuyenNganh (MaSinhVien, MaNganh) values (296, 'NNA');
insert into HocChuyenNganh (MaSinhVien, MaNganh) values (6, 'QTKD');
insert into HocChuyenNganh (MaSinhVien, MaNganh) values (6, 'CNTT');
insert into HocChuyenNganh (MaSinhVien, MaNganh) values (358, 'LKT');
insert into HocChuyenNganh (MaSinhVien, MaNganh) values (433, 'CNTT');
insert into HocChuyenNganh (MaSinhVien, MaNganh) values (329, 'QTKD');
insert into HocChuyenNganh (MaSinhVien, MaNganh) values (51, 'CNTT');
insert into HocChuyenNganh (MaSinhVien, MaNganh) values (65, 'LKT');
insert into HocChuyenNganh (MaSinhVien, MaNganh) values (218, 'QTKD');
insert into HocChuyenNganh (MaSinhVien, MaNganh) values (317, 'LKT');
insert into HocChuyenNganh (MaSinhVien, MaNganh) values (407, 'NNA');
insert into HocChuyenNganh (MaSinhVien, MaNganh) values (177, 'CNTT');
insert into HocChuyenNganh (MaSinhVien, MaNganh) values (215, 'LKT');
insert into HocChuyenNganh (MaSinhVien, MaNganh) values (32, 'CNTT');
insert into HocChuyenNganh (MaSinhVien, MaNganh) values (11, 'QTKD');
insert into HocChuyenNganh (MaSinhVien, MaNganh) values (253, 'LKT');
insert into HocChuyenNganh (MaSinhVien, MaNganh) values (99, 'LKT');
insert into HocChuyenNganh (MaSinhVien, MaNganh) values (410, 'CNTT');
insert into HocChuyenNganh (MaSinhVien, MaNganh) values (187, 'QTKD');
insert into HocChuyenNganh (MaSinhVien, MaNganh) values (38, 'CNTT');
insert into HocChuyenNganh (MaSinhVien, MaNganh) values (110, 'LKT');
insert into HocChuyenNganh (MaSinhVien, MaNganh) values (32, 'NNA');
insert into HocChuyenNganh (MaSinhVien, MaNganh) values (90, 'CNTT');
insert into HocChuyenNganh (MaSinhVien, MaNganh) values (275, 'LKT');
insert into HocChuyenNganh (MaSinhVien, MaNganh) values (220, 'LKT');
insert into HocChuyenNganh (MaSinhVien, MaNganh) values (230, 'LKT');
insert into HocChuyenNganh (MaSinhVien, MaNganh) values (227, 'NNA');
insert into HocChuyenNganh (MaSinhVien, MaNganh) values (99, 'LKT');
insert into HocChuyenNganh (MaSinhVien, MaNganh) values (199, 'LKT');
insert into HocChuyenNganh (MaSinhVien, MaNganh) values (153, 'CNTT');
insert into HocChuyenNganh (MaSinhVien, MaNganh) values (277, 'QTKD');
insert into HocChuyenNganh (MaSinhVien, MaNganh) values (265, 'NNA');
insert into HocChuyenNganh (MaSinhVien, MaNganh) values (64, 'NNA');
insert into HocChuyenNganh (MaSinhVien, MaNganh) values (290, 'NNA');
insert into HocChuyenNganh (MaSinhVien, MaNganh) values (135, 'CNTT');
insert into HocChuyenNganh (MaSinhVien, MaNganh) values (166, 'CNTT');
insert into HocChuyenNganh (MaSinhVien, MaNganh) values (15, 'LKT');
insert into HocChuyenNganh (MaSinhVien, MaNganh) values (185, 'CNTT');
insert into HocChuyenNganh (MaSinhVien, MaNganh) values (266, 'QTKD');
insert into HocChuyenNganh (MaSinhVien, MaNganh) values (228, 'LKT');
insert into HocChuyenNganh (MaSinhVien, MaNganh) values (254, 'NNA');
insert into HocChuyenNganh (MaSinhVien, MaNganh) values (236, 'LKT');
insert into HocChuyenNganh (MaSinhVien, MaNganh) values (64, 'QTKD');
insert into HocChuyenNganh (MaSinhVien, MaNganh) values (342, 'NNA');
insert into HocChuyenNganh (MaSinhVien, MaNganh) values (344, 'QTKD');
insert into HocChuyenNganh (MaSinhVien, MaNganh) values (301, 'CNTT');
insert into HocChuyenNganh (MaSinhVien, MaNganh) values (67, 'QTKD');
insert into HocChuyenNganh (MaSinhVien, MaNganh) values (84, 'LKT');
insert into HocChuyenNganh (MaSinhVien, MaNganh) values (80, 'LKT');
insert into HocChuyenNganh (MaSinhVien, MaNganh) values (288, 'NNA');
insert into HocChuyenNganh (MaSinhVien, MaNganh) values (73, 'QTKD');
insert into HocChuyenNganh (MaSinhVien, MaNganh) values (413, 'NNA');
insert into HocChuyenNganh (MaSinhVien, MaNganh) values (72, 'NNA');
insert into HocChuyenNganh (MaSinhVien, MaNganh) values (367, 'LKT');
insert into HocChuyenNganh (MaSinhVien, MaNganh) values (341, 'CNTT');
insert into HocChuyenNganh (MaSinhVien, MaNganh) values (161, 'LKT');
insert into HocChuyenNganh (MaSinhVien, MaNganh) values (98, 'CNTT');
insert into HocChuyenNganh (MaSinhVien, MaNganh) values (340, 'QTKD');
insert into HocChuyenNganh (MaSinhVien, MaNganh) values (297, 'QTKD');
insert into HocChuyenNganh (MaSinhVien, MaNganh) values (326, 'NNA');
insert into HocChuyenNganh (MaSinhVien, MaNganh) values (90, 'CNTT');
insert into HocChuyenNganh (MaSinhVien, MaNganh) values (123, 'LKT');
insert into HocChuyenNganh (MaSinhVien, MaNganh) values (330, 'CNTT');
insert into HocChuyenNganh (MaSinhVien, MaNganh) values (402, 'CNTT');
insert into HocChuyenNganh (MaSinhVien, MaNganh) values (263, 'CNTT');
insert into HocChuyenNganh (MaSinhVien, MaNganh) values (55, 'NNA');
insert into HocChuyenNganh (MaSinhVien, MaNganh) values (11, 'CNTT');
insert into HocChuyenNganh (MaSinhVien, MaNganh) values (23, 'LKT');
insert into HocChuyenNganh (MaSinhVien, MaNganh) values (110, 'QTKD');
insert into HocChuyenNganh (MaSinhVien, MaNganh) values (355, 'NNA');
insert into HocChuyenNganh (MaSinhVien, MaNganh) values (346, 'CNTT');
insert into HocChuyenNganh (MaSinhVien, MaNganh) values (43, 'NNA');
insert into HocChuyenNganh (MaSinhVien, MaNganh) values (368, 'NNA');
insert into HocChuyenNganh (MaSinhVien, MaNganh) values (252, 'LKT');
insert into HocChuyenNganh (MaSinhVien, MaNganh) values (294, 'LKT');
insert into HocChuyenNganh (MaSinhVien, MaNganh) values (407, 'CNTT');
insert into HocChuyenNganh (MaSinhVien, MaNganh) values (432, 'CNTT');
insert into HocChuyenNganh (MaSinhVien, MaNganh) values (384, 'NNA');
insert into HocChuyenNganh (MaSinhVien, MaNganh) values (279, 'NNA');
insert into HocChuyenNganh (MaSinhVien, MaNganh) values (131, 'QTKD');
insert into HocChuyenNganh (MaSinhVien, MaNganh) values (336, 'QTKD');
insert into HocChuyenNganh (MaSinhVien, MaNganh) values (309, 'QTKD');
insert into HocChuyenNganh (MaSinhVien, MaNganh) values (12, 'LKT');
insert into HocChuyenNganh (MaSinhVien, MaNganh) values (26, 'LKT');
insert into HocChuyenNganh (MaSinhVien, MaNganh) values (433, 'CNTT');
insert into HocChuyenNganh (MaSinhVien, MaNganh) values (379, 'QTKD');
insert into HocChuyenNganh (MaSinhVien, MaNganh) values (274, 'LKT');
insert into HocChuyenNganh (MaSinhVien, MaNganh) values (397, 'QTKD');
insert into HocChuyenNganh (MaSinhVien, MaNganh) values (379, 'QTKD');
insert into HocChuyenNganh (MaSinhVien, MaNganh) values (313, 'LKT');
insert into HocChuyenNganh (MaSinhVien, MaNganh) values (409, 'CNTT');
insert into HocChuyenNganh (MaSinhVien, MaNganh) values (176, 'QTKD');
insert into HocChuyenNganh (MaSinhVien, MaNganh) values (314, 'LKT');
insert into HocChuyenNganh (MaSinhVien, MaNganh) values (124, 'LKT');
insert into HocChuyenNganh (MaSinhVien, MaNganh) values (21, 'NNA');
insert into HocChuyenNganh (MaSinhVien, MaNganh) values (350, 'CNTT');
insert into HocChuyenNganh (MaSinhVien, MaNganh) values (307, 'CNTT');
insert into HocChuyenNganh (MaSinhVien, MaNganh) values (88, 'QTKD');
insert into HocChuyenNganh (MaSinhVien, MaNganh) values (14, 'NNA');
insert into HocChuyenNganh (MaSinhVien, MaNganh) values (332, 'NNA');
insert into HocChuyenNganh (MaSinhVien, MaNganh) values (326, 'LKT');
insert into HocChuyenNganh (MaSinhVien, MaNganh) values (159, 'LKT');
insert into HocChuyenNganh (MaSinhVien, MaNganh) values (213, 'CNTT');
insert into HocChuyenNganh (MaSinhVien, MaNganh) values (212, 'CNTT');
insert into HocChuyenNganh (MaSinhVien, MaNganh) values (357, 'LKT');
insert into HocChuyenNganh (MaSinhVien, MaNganh) values (19, 'LKT');
insert into HocChuyenNganh (MaSinhVien, MaNganh) values (426, 'NNA');
insert into HocChuyenNganh (MaSinhVien, MaNganh) values (415, 'QTKD');
insert into HocChuyenNganh (MaSinhVien, MaNganh) values (258, 'NNA');
insert into HocChuyenNganh (MaSinhVien, MaNganh) values (52, 'CNTT');
insert into HocChuyenNganh (MaSinhVien, MaNganh) values (392, 'QTKD');
insert into HocChuyenNganh (MaSinhVien, MaNganh) values (218, 'LKT');
insert into HocChuyenNganh (MaSinhVien, MaNganh) values (172, 'NNA');
insert into HocChuyenNganh (MaSinhVien, MaNganh) values (342, 'NNA');
insert into HocChuyenNganh (MaSinhVien, MaNganh) values (81, 'NNA');
insert into HocChuyenNganh (MaSinhVien, MaNganh) values (388, 'NNA');
insert into HocChuyenNganh (MaSinhVien, MaNganh) values (326, 'CNTT');
insert into HocChuyenNganh (MaSinhVien, MaNganh) values (339, 'QTKD');
insert into HocChuyenNganh (MaSinhVien, MaNganh) values (16, 'NNA');
insert into HocChuyenNganh (MaSinhVien, MaNganh) values (196, 'QTKD');
insert into HocChuyenNganh (MaSinhVien, MaNganh) values (60, 'CNTT');
insert into HocChuyenNganh (MaSinhVien, MaNganh) values (36, 'LKT');
insert into HocChuyenNganh (MaSinhVien, MaNganh) values (362, 'NNA');
insert into HocChuyenNganh (MaSinhVien, MaNganh) values (387, 'CNTT');
insert into HocChuyenNganh (MaSinhVien, MaNganh) values (449, 'CNTT');
insert into HocChuyenNganh (MaSinhVien, MaNganh) values (200, 'QTKD');
insert into HocChuyenNganh (MaSinhVien, MaNganh) values (123, 'CNTT');
insert into HocChuyenNganh (MaSinhVien, MaNganh) values (194, 'CNTT');
insert into HocChuyenNganh (MaSinhVien, MaNganh) values (276, 'CNTT');
insert into HocChuyenNganh (MaSinhVien, MaNganh) values (287, 'NNA');
insert into HocChuyenNganh (MaSinhVien, MaNganh) values (17, 'CNTT');
insert into HocChuyenNganh (MaSinhVien, MaNganh) values (113, 'QTKD');
insert into HocChuyenNganh (MaSinhVien, MaNganh) values (366, 'CNTT');
insert into HocChuyenNganh (MaSinhVien, MaNganh) values (364, 'NNA');
insert into HocChuyenNganh (MaSinhVien, MaNganh) values (29, 'LKT');
insert into HocChuyenNganh (MaSinhVien, MaNganh) values (314, 'CNTT');
insert into HocChuyenNganh (MaSinhVien, MaNganh) values (351, 'LKT');
insert into HocChuyenNganh (MaSinhVien, MaNganh) values (320, 'CNTT');
insert into HocChuyenNganh (MaSinhVien, MaNganh) values (106, 'NNA');
insert into HocChuyenNganh (MaSinhVien, MaNganh) values (57, 'CNTT');
insert into HocChuyenNganh (MaSinhVien, MaNganh) values (36, 'CNTT');
insert into HocChuyenNganh (MaSinhVien, MaNganh) values (99, 'LKT');
insert into HocChuyenNganh (MaSinhVien, MaNganh) values (389, 'CNTT');
insert into HocChuyenNganh (MaSinhVien, MaNganh) values (68, 'NNA');
insert into HocChuyenNganh (MaSinhVien, MaNganh) values (142, 'NNA');
insert into HocChuyenNganh (MaSinhVien, MaNganh) values (449, 'QTKD');
insert into HocChuyenNganh (MaSinhVien, MaNganh) values (99, 'LKT');
insert into HocChuyenNganh (MaSinhVien, MaNganh) values (421, 'NNA');
insert into HocChuyenNganh (MaSinhVien, MaNganh) values (263, 'QTKD');
insert into HocChuyenNganh (MaSinhVien, MaNganh) values (117, 'QTKD');
insert into HocChuyenNganh (MaSinhVien, MaNganh) values (427, 'NNA');
insert into HocChuyenNganh (MaSinhVien, MaNganh) values (317, 'QTKD');
insert into HocChuyenNganh (MaSinhVien, MaNganh) values (406, 'LKT');
insert into HocChuyenNganh (MaSinhVien, MaNganh) values (374, 'CNTT');
insert into HocChuyenNganh (MaSinhVien, MaNganh) values (42, 'LKT');
insert into HocChuyenNganh (MaSinhVien, MaNganh) values (2, 'LKT');
insert into HocChuyenNganh (MaSinhVien, MaNganh) values (443, 'CNTT');
insert into HocChuyenNganh (MaSinhVien, MaNganh) values (334, 'NNA');
insert into HocChuyenNganh (MaSinhVien, MaNganh) values (425, 'CNTT');
insert into HocChuyenNganh (MaSinhVien, MaNganh) values (245, 'NNA');
insert into HocChuyenNganh (MaSinhVien, MaNganh) values (385, 'NNA');
insert into HocChuyenNganh (MaSinhVien, MaNganh) values (430, 'QTKD');
insert into HocChuyenNganh (MaSinhVien, MaNganh) values (220, 'LKT');
insert into HocChuyenNganh (MaSinhVien, MaNganh) values (50, 'LKT');
insert into HocChuyenNganh (MaSinhVien, MaNganh) values (387, 'QTKD');
insert into HocChuyenNganh (MaSinhVien, MaNganh) values (234, 'LKT');
insert into HocChuyenNganh (MaSinhVien, MaNganh) values (385, 'QTKD');
insert into HocChuyenNganh (MaSinhVien, MaNganh) values (251, 'QTKD');
insert into HocChuyenNganh (MaSinhVien, MaNganh) values (333, 'QTKD');
insert into HocChuyenNganh (MaSinhVien, MaNganh) values (129, 'LKT');
insert into HocChuyenNganh (MaSinhVien, MaNganh) values (366, 'CNTT');
insert into HocChuyenNganh (MaSinhVien, MaNganh) values (168, 'LKT');
insert into HocChuyenNganh (MaSinhVien, MaNganh) values (352, 'LKT');
insert into HocChuyenNganh (MaSinhVien, MaNganh) values (24, 'CNTT');
insert into HocChuyenNganh (MaSinhVien, MaNganh) values (96, 'LKT');
insert into HocChuyenNganh (MaSinhVien, MaNganh) values (126, 'CNTT');
insert into HocChuyenNganh (MaSinhVien, MaNganh) values (356, 'LKT');
insert into HocChuyenNganh (MaSinhVien, MaNganh) values (346, 'LKT');
insert into HocChuyenNganh (MaSinhVien, MaNganh) values (301, 'CNTT');
insert into HocChuyenNganh (MaSinhVien, MaNganh) values (252, 'LKT');
insert into HocChuyenNganh (MaSinhVien, MaNganh) values (304, 'QTKD');
insert into CHUYENDE (MaChuyenDe, TenChuyenDe, MaNganh) values (1, 'Technology', 'NNA');
insert into CHUYENDE (MaChuyenDe, TenChuyenDe, MaNganh) values (2, 'Capital Goods', 'QTKD');
insert into CHUYENDE (MaChuyenDe, TenChuyenDe, MaNganh) values (3, 'Consumer Services', 'LKT');
insert into CHUYENDE (MaChuyenDe, TenChuyenDe, MaNganh) values (4, 'Finance', 'LKT');
insert into CHUYENDE (MaChuyenDe, TenChuyenDe, MaNganh) values (5, 'Public Utilities', 'LKT');
insert into CHUYENDE (MaChuyenDe, TenChuyenDe, MaNganh) values (6, 'Technology', 'LKT');
insert into CHUYENDE (MaChuyenDe, TenChuyenDe, MaNganh) values (7, 'Technology', 'QTKD');
insert into CHUYENDE (MaChuyenDe, TenChuyenDe, MaNganh) values (8, 'Basic Industries', 'NNA');
insert into CHUYENDE (MaChuyenDe, TenChuyenDe, MaNganh) values (9, 'Basic Industries', 'NNA');
insert into CHUYENDE (MaChuyenDe, TenChuyenDe, MaNganh) values (10, 'Capital Goods', 'LKT');
insert into CHUYENDE (MaChuyenDe, TenChuyenDe, MaNganh) values (11, 'Consumer Non-Durables', 'LKT');
insert into CHUYENDE (MaChuyenDe, TenChuyenDe, MaNganh) values (12, 'Consumer Services', 'QTKD');
insert into CHUYENDE (MaChuyenDe, TenChuyenDe, MaNganh) values (13, 'Health Care', 'NNA');
insert into CHUYENDE (MaChuyenDe, TenChuyenDe, MaNganh) values (14, 'Finance', 'CNTT');
insert into CHUYENDE (MaChuyenDe, TenChuyenDe, MaNganh) values (15, 'Finance', 'CNTT');
insert into CHUYENDE (MaChuyenDe, TenChuyenDe, MaNganh) values (16, 'Public Utilities', 'NNA');
insert into CHUYENDE (MaChuyenDe, TenChuyenDe, MaNganh) values (17, 'Public Utilities', 'LKT');
insert into CHUYENDE (MaChuyenDe, TenChuyenDe, MaNganh) values (18, 'Technology', 'QTKD');
insert into CHUYENDE (MaChuyenDe, TenChuyenDe, MaNganh) values (19, 'Health Care', 'CNTT');
insert into CHUYENDE (MaChuyenDe, TenChuyenDe, MaNganh) values (20, 'Technology', 'NNA');
insert into CHUYENDE (MaChuyenDe, TenChuyenDe, MaNganh) values (21, 'Public Utilities', 'LKT');
insert into CHUYENDE (MaChuyenDe, TenChuyenDe, MaNganh) values (22, 'Technology', 'QTKD');
insert into CHUYENDE (MaChuyenDe, TenChuyenDe, MaNganh) values (23, 'Finance', 'CNTT');
insert into CHUYENDE (MaChuyenDe, TenChuyenDe, MaNganh) values (24, 'n/a', 'QTKD');
insert into CHUYENDE (MaChuyenDe, TenChuyenDe, MaNganh) values (25, 'Consumer Non-Durables', 'QTKD');
insert into MO (IDMo, MaChuyenDe, TenHocKi, NamHoc, SLSV, NgayBatDau) values (1, 20, 2, 2015, 105, '5/24/2017');
insert into MO (IDMo, MaChuyenDe, TenHocKi, NamHoc, SLSV, NgayBatDau) values (2, 11, 2, 2015, 83, '10/12/2017');
insert into MO (IDMo, MaChuyenDe, TenHocKi, NamHoc, SLSV, NgayBatDau) values (3, 4, 4, 2015, 82, '10/16/2017');
insert into MO (IDMo, MaChuyenDe, TenHocKi, NamHoc, SLSV, NgayBatDau) values (4, 6, 3, 2015, 94, '2/16/2018');
insert into MO (IDMo, MaChuyenDe, TenHocKi, NamHoc, SLSV, NgayBatDau) values (5, 14, 1, 2015, 88, '9/11/2017');
insert into MO (IDMo, MaChuyenDe, TenHocKi, NamHoc, SLSV, NgayBatDau) values (6, 19, 1, 2015, 89, '6/22/2017');
insert into MO (IDMo, MaChuyenDe, TenHocKi, NamHoc, SLSV, NgayBatDau) values (7, 2, 2, 2015, 82, '11/27/2017');
insert into MO (IDMo, MaChuyenDe, TenHocKi, NamHoc, SLSV, NgayBatDau) values (8, 3, 4, 2015, 109, '9/30/2017');
insert into MO (IDMo, MaChuyenDe, TenHocKi, NamHoc, SLSV, NgayBatDau) values (9, 6, 1, 2015, 90, '5/30/2017');
insert into MO (IDMo, MaChuyenDe, TenHocKi, NamHoc, SLSV, NgayBatDau) values (10, 19, 5, 2015, 91, '3/2/2018');
insert into MO (IDMo, MaChuyenDe, TenHocKi, NamHoc, SLSV, NgayBatDau) values (11, 23, 2, 2015, 115, '11/19/2017');
insert into MO (IDMo, MaChuyenDe, TenHocKi, NamHoc, SLSV, NgayBatDau) values (12, 22, 5, 2015, 95, '3/21/2018');
insert into MO (IDMo, MaChuyenDe, TenHocKi, NamHoc, SLSV, NgayBatDau) values (13, 6, 6, 2015, 91, '7/22/2017');
insert into MO (IDMo, MaChuyenDe, TenHocKi, NamHoc, SLSV, NgayBatDau) values (14, 14, 1, 2015, 100, '7/14/2017');
insert into MO (IDMo, MaChuyenDe, TenHocKi, NamHoc, SLSV, NgayBatDau) values (15, 23, 5, 2015, 92, '6/11/2017');
insert into MO (IDMo, MaChuyenDe, TenHocKi, NamHoc, SLSV, NgayBatDau) values (16, 1, 1, 2015, 105, '7/10/2017');
insert into MO (IDMo, MaChuyenDe, TenHocKi, NamHoc, SLSV, NgayBatDau) values (17, 25, 2, 2015, 120, '3/5/2018');
insert into MO (IDMo, MaChuyenDe, TenHocKi, NamHoc, SLSV, NgayBatDau) values (18, 15, 3, 2015, 100, '11/6/2017');
insert into MO (IDMo, MaChuyenDe, TenHocKi, NamHoc, SLSV, NgayBatDau) values (19, 13, 4, 2015, 109, '5/18/2017');
insert into MO (IDMo, MaChuyenDe, TenHocKi, NamHoc, SLSV, NgayBatDau) values (20, 4, 6, 2015, 88, '11/11/2017');
insert into DANGKI (IDMo, MaSinhVien) values (11, 61);
insert into DANGKI (IDMo, MaSinhVien) values (6, 56);
insert into DANGKI (IDMo, MaSinhVien) values (2, 431);
insert into DANGKI (IDMo, MaSinhVien) values (9, 295);
insert into DANGKI (IDMo, MaSinhVien) values (17, 191);
insert into DANGKI (IDMo, MaSinhVien) values (5, 129);
insert into DANGKI (IDMo, MaSinhVien) values (10, 51);
insert into DANGKI (IDMo, MaSinhVien) values (2, 419);
insert into DANGKI (IDMo, MaSinhVien) values (12, 361);
insert into DANGKI (IDMo, MaSinhVien) values (7, 426);
insert into DANGKI (IDMo, MaSinhVien) values (16, 134);
insert into DANGKI (IDMo, MaSinhVien) values (3, 442);
insert into DANGKI (IDMo, MaSinhVien) values (17, 165);
insert into DANGKI (IDMo, MaSinhVien) values (9, 110);
insert into DANGKI (IDMo, MaSinhVien) values (1, 393);
insert into DANGKI (IDMo, MaSinhVien) values (9, 362);
insert into DANGKI (IDMo, MaSinhVien) values (2, 135);
insert into DANGKI (IDMo, MaSinhVien) values (4, 285);
insert into DANGKI (IDMo, MaSinhVien) values (4, 215);
insert into DANGKI (IDMo, MaSinhVien) values (11, 133);
insert into DANGKI (IDMo, MaSinhVien) values (11, 143);
insert into DANGKI (IDMo, MaSinhVien) values (9, 356);
insert into DANGKI (IDMo, MaSinhVien) values (9, 422);
insert into DANGKI (IDMo, MaSinhVien) values (10, 69);
insert into DANGKI (IDMo, MaSinhVien) values (5, 220);
insert into DANGKI (IDMo, MaSinhVien) values (5, 381);
insert into DANGKI (IDMo, MaSinhVien) values (12, 105);
insert into DANGKI (IDMo, MaSinhVien) values (12, 406);
insert into DANGKI (IDMo, MaSinhVien) values (16, 146);
insert into DANGKI (IDMo, MaSinhVien) values (13, 147);
insert into DANGKI (IDMo, MaSinhVien) values (5, 178);
insert into DANGKI (IDMo, MaSinhVien) values (15, 109);
insert into DANGKI (IDMo, MaSinhVien) values (17, 24);
insert into DANGKI (IDMo, MaSinhVien) values (4, 9);
insert into DANGKI (IDMo, MaSinhVien) values (16, 87);
insert into DANGKI (IDMo, MaSinhVien) values (7, 44);
insert into DANGKI (IDMo, MaSinhVien) values (3, 77);
insert into DANGKI (IDMo, MaSinhVien) values (20, 312);
insert into DANGKI (IDMo, MaSinhVien) values (17, 36);
insert into DANGKI (IDMo, MaSinhVien) values (12, 424);
insert into DANGKI (IDMo, MaSinhVien) values (6, 227);
insert into DANGKI (IDMo, MaSinhVien) values (3, 60);
insert into DANGKI (IDMo, MaSinhVien) values (14, 104);
insert into DANGKI (IDMo, MaSinhVien) values (16, 97);
insert into DANGKI (IDMo, MaSinhVien) values (18, 262);
insert into DANGKI (IDMo, MaSinhVien) values (15, 106);
insert into DANGKI (IDMo, MaSinhVien) values (2, 381);
insert into DANGKI (IDMo, MaSinhVien) values (12, 377);
insert into DANGKI (IDMo, MaSinhVien) values (13, 421);
insert into DANGKI (IDMo, MaSinhVien) values (10, 306);
insert into DANGKI (IDMo, MaSinhVien) values (14, 312);
insert into DANGKI (IDMo, MaSinhVien) values (1, 200);
insert into DANGKI (IDMo, MaSinhVien) values (8, 295);
insert into DANGKI (IDMo, MaSinhVien) values (20, 125);
insert into DANGKI (IDMo, MaSinhVien) values (8, 38);
insert into DANGKI (IDMo, MaSinhVien) values (19, 115);
insert into DANGKI (IDMo, MaSinhVien) values (2, 353);
insert into DANGKI (IDMo, MaSinhVien) values (8, 186);
insert into DANGKI (IDMo, MaSinhVien) values (10, 388);
insert into DANGKI (IDMo, MaSinhVien) values (2, 148);
insert into DANGKI (IDMo, MaSinhVien) values (4, 417);
insert into DANGKI (IDMo, MaSinhVien) values (11, 51);
insert into DANGKI (IDMo, MaSinhVien) values (20, 376);
insert into DANGKI (IDMo, MaSinhVien) values (9, 292);
insert into DANGKI (IDMo, MaSinhVien) values (8, 423);
insert into DANGKI (IDMo, MaSinhVien) values (5, 53);
insert into DANGKI (IDMo, MaSinhVien) values (16, 148);
insert into DANGKI (IDMo, MaSinhVien) values (1, 408);
insert into DANGKI (IDMo, MaSinhVien) values (5, 426);
insert into DANGKI (IDMo, MaSinhVien) values (14, 381);
insert into DANGKI (IDMo, MaSinhVien) values (11, 208);
insert into DANGKI (IDMo, MaSinhVien) values (8, 64);
insert into DANGKI (IDMo, MaSinhVien) values (15, 339);
insert into DANGKI (IDMo, MaSinhVien) values (19, 200);
insert into DANGKI (IDMo, MaSinhVien) values (19, 321);
insert into DANGKI (IDMo, MaSinhVien) values (6, 242);
insert into DANGKI (IDMo, MaSinhVien) values (16, 76);
insert into DANGKI (IDMo, MaSinhVien) values (8, 345);
insert into DANGKI (IDMo, MaSinhVien) values (17, 160);
insert into DANGKI (IDMo, MaSinhVien) values (12, 284);
insert into DANGKI (IDMo, MaSinhVien) values (6, 230);
insert into DANGKI (IDMo, MaSinhVien) values (13, 25);
insert into DANGKI (IDMo, MaSinhVien) values (4, 281);
insert into DANGKI (IDMo, MaSinhVien) values (19, 285);
insert into DANGKI (IDMo, MaSinhVien) values (10, 215);
insert into DANGKI (IDMo, MaSinhVien) values (18, 289);
insert into DANGKI (IDMo, MaSinhVien) values (20, 256);
insert into DANGKI (IDMo, MaSinhVien) values (18, 273);
insert into DANGKI (IDMo, MaSinhVien) values (10, 217);
insert into DANGKI (IDMo, MaSinhVien) values (6, 399);
insert into DANGKI (IDMo, MaSinhVien) values (11, 354);
insert into DANGKI (IDMo, MaSinhVien) values (16, 326);
insert into DANGKI (IDMo, MaSinhVien) values (13, 9);
insert into DANGKI (IDMo, MaSinhVien) values (2, 232);
insert into DANGKI (IDMo, MaSinhVien) values (12, 83);
insert into DANGKI (IDMo, MaSinhVien) values (19, 147);
insert into DANGKI (IDMo, MaSinhVien) values (1, 342);
insert into DANGKI (IDMo, MaSinhVien) values (2, 95);
insert into DANGKI (IDMo, MaSinhVien) values (9, 230);
insert into DANGKI (IDMo, MaSinhVien) values (3, 30);
insert into DANGKI (IDMo, MaSinhVien) values (14, 237);
insert into DANGKI (IDMo, MaSinhVien) values (13, 360);
insert into DANGKI (IDMo, MaSinhVien) values (16, 371);
insert into DANGKI (IDMo, MaSinhVien) values (14, 429);
insert into DANGKI (IDMo, MaSinhVien) values (18, 24);
insert into DANGKI (IDMo, MaSinhVien) values (1, 200);
insert into DANGKI (IDMo, MaSinhVien) values (13, 1);
insert into DANGKI (IDMo, MaSinhVien) values (8, 240);
insert into DANGKI (IDMo, MaSinhVien) values (14, 143);
insert into DANGKI (IDMo, MaSinhVien) values (11, 107);
insert into DANGKI (IDMo, MaSinhVien) values (1, 410);
insert into DANGKI (IDMo, MaSinhVien) values (19, 300);
insert into DANGKI (IDMo, MaSinhVien) values (1, 18);
insert into DANGKI (IDMo, MaSinhVien) values (5, 173);
insert into DANGKI (IDMo, MaSinhVien) values (5, 163);
insert into DANGKI (IDMo, MaSinhVien) values (5, 361);
insert into DANGKI (IDMo, MaSinhVien) values (15, 449);
insert into DANGKI (IDMo, MaSinhVien) values (5, 137);
insert into DANGKI (IDMo, MaSinhVien) values (14, 425);
insert into DANGKI (IDMo, MaSinhVien) values (17, 44);
insert into DANGKI (IDMo, MaSinhVien) values (9, 135);
insert into DANGKI (IDMo, MaSinhVien) values (3, 404);
insert into DANGKI (IDMo, MaSinhVien) values (19, 216);
insert into DANGKI (IDMo, MaSinhVien) values (20, 2);
insert into DANGKI (IDMo, MaSinhVien) values (16, 131);
insert into DANGKI (IDMo, MaSinhVien) values (12, 439);
insert into DANGKI (IDMo, MaSinhVien) values (13, 394);
insert into DANGKI (IDMo, MaSinhVien) values (9, 325);
insert into DANGKI (IDMo, MaSinhVien) values (19, 35);
insert into DANGKI (IDMo, MaSinhVien) values (12, 409);
insert into DANGKI (IDMo, MaSinhVien) values (13, 22);
insert into DANGKI (IDMo, MaSinhVien) values (8, 220);
insert into DANGKI (IDMo, MaSinhVien) values (11, 262);
insert into DANGKI (IDMo, MaSinhVien) values (3, 205);
insert into DANGKI (IDMo, MaSinhVien) values (18, 197);
insert into DANGKI (IDMo, MaSinhVien) values (13, 115);
insert into DANGKI (IDMo, MaSinhVien) values (19, 319);
insert into DANGKI (IDMo, MaSinhVien) values (11, 385);
insert into DANGKI (IDMo, MaSinhVien) values (20, 337);
insert into DANGKI (IDMo, MaSinhVien) values (17, 46);
insert into DANGKI (IDMo, MaSinhVien) values (20, 404);
insert into DANGKI (IDMo, MaSinhVien) values (3, 260);
insert into DANGKI (IDMo, MaSinhVien) values (20, 288);
insert into DANGKI (IDMo, MaSinhVien) values (15, 219);
insert into DANGKI (IDMo, MaSinhVien) values (18, 89);
insert into DANGKI (IDMo, MaSinhVien) values (11, 83);
insert into DANGKI (IDMo, MaSinhVien) values (13, 121);
insert into DANGKI (IDMo, MaSinhVien) values (19, 350);
insert into DANGKI (IDMo, MaSinhVien) values (18, 142);
insert into DANGKI (IDMo, MaSinhVien) values (18, 163);
insert into DANGKI (IDMo, MaSinhVien) values (15, 268);
insert into DANGKI (IDMo, MaSinhVien) values (19, 348);
insert into DANGKI (IDMo, MaSinhVien) values (17, 51);
insert into DANGKI (IDMo, MaSinhVien) values (18, 19);
insert into DANGKI (IDMo, MaSinhVien) values (11, 29);
insert into DANGKI (IDMo, MaSinhVien) values (8, 220);
insert into DANGKI (IDMo, MaSinhVien) values (3, 24);
insert into DANGKI (IDMo, MaSinhVien) values (4, 380);
insert into DANGKI (IDMo, MaSinhVien) values (12, 49);
insert into DANGKI (IDMo, MaSinhVien) values (20, 39);
insert into DANGKI (IDMo, MaSinhVien) values (7, 75);
insert into DANGKI (IDMo, MaSinhVien) values (19, 439);
insert into DANGKI (IDMo, MaSinhVien) values (14, 128);
insert into DANGKI (IDMo, MaSinhVien) values (1, 332);
insert into DANGKI (IDMo, MaSinhVien) values (10, 402);
insert into DANGKI (IDMo, MaSinhVien) values (17, 156);
insert into DANGKI (IDMo, MaSinhVien) values (7, 361);
insert into DANGKI (IDMo, MaSinhVien) values (8, 261);
insert into DANGKI (IDMo, MaSinhVien) values (17, 54);
insert into DANGKI (IDMo, MaSinhVien) values (12, 65);
insert into DANGKI (IDMo, MaSinhVien) values (3, 111);
insert into DANGKI (IDMo, MaSinhVien) values (13, 3);
insert into DANGKI (IDMo, MaSinhVien) values (14, 376);
insert into DANGKI (IDMo, MaSinhVien) values (11, 261);
insert into DANGKI (IDMo, MaSinhVien) values (7, 201);
insert into DANGKI (IDMo, MaSinhVien) values (7, 14);
insert into DANGKI (IDMo, MaSinhVien) values (1, 364);
insert into DANGKI (IDMo, MaSinhVien) values (18, 337);
insert into DANGKI (IDMo, MaSinhVien) values (18, 92);
insert into DANGKI (IDMo, MaSinhVien) values (9, 175);
insert into DANGKI (IDMo, MaSinhVien) values (6, 413);
insert into DANGKI (IDMo, MaSinhVien) values (2, 247);
insert into DANGKI (IDMo, MaSinhVien) values (18, 368);
insert into DANGKI (IDMo, MaSinhVien) values (15, 11);
insert into DANGKI (IDMo, MaSinhVien) values (3, 258);
insert into DANGKI (IDMo, MaSinhVien) values (10, 341);
insert into DANGKI (IDMo, MaSinhVien) values (12, 152);
insert into DANGKI (IDMo, MaSinhVien) values (7, 109);
insert into DANGKI (IDMo, MaSinhVien) values (13, 16);
insert into DANGKI (IDMo, MaSinhVien) values (17, 69);
insert into DANGKI (IDMo, MaSinhVien) values (19, 439);
insert into DANGKI (IDMo, MaSinhVien) values (10, 190);
insert into DANGKI (IDMo, MaSinhVien) values (2, 104);
insert into DANGKI (IDMo, MaSinhVien) values (1, 1);
insert into DANGKI (IDMo, MaSinhVien) values (18, 198);
insert into DANGKI (IDMo, MaSinhVien) values (16, 327);
insert into DANGKI (IDMo, MaSinhVien) values (4, 407);
insert into DANGKI (IDMo, MaSinhVien) values (2, 384);
insert into DANGKI (IDMo, MaSinhVien) values (1, 43);
insert into DANGKI (IDMo, MaSinhVien) values (5, 273);
insert into DANGKI (IDMo, MaSinhVien) values (16, 15);
insert into DANGKI (IDMo, MaSinhVien) values (16, 137);
insert into DANGKI (IDMo, MaSinhVien) values (7, 187);
insert into DANGKI (IDMo, MaSinhVien) values (5, 269);
insert into DANGKI (IDMo, MaSinhVien) values (7, 257);
insert into DANGKI (IDMo, MaSinhVien) values (20, 58);
insert into DANGKI (IDMo, MaSinhVien) values (4, 130);
insert into DANGKI (IDMo, MaSinhVien) values (11, 231);
insert into DANGKI (IDMo, MaSinhVien) values (17, 336);
insert into DANGKI (IDMo, MaSinhVien) values (3, 176);
insert into DANGKI (IDMo, MaSinhVien) values (11, 30);
insert into DANGKI (IDMo, MaSinhVien) values (10, 314);
insert into DANGKI (IDMo, MaSinhVien) values (18, 317);
insert into DANGKI (IDMo, MaSinhVien) values (1, 257);
insert into DANGKI (IDMo, MaSinhVien) values (9, 172);
insert into DANGKI (IDMo, MaSinhVien) values (8, 272);
insert into DANGKI (IDMo, MaSinhVien) values (15, 92);
insert into DANGKI (IDMo, MaSinhVien) values (4, 163);
insert into DANGKI (IDMo, MaSinhVien) values (14, 120);
insert into DANGKI (IDMo, MaSinhVien) values (15, 116);
insert into DANGKI (IDMo, MaSinhVien) values (20, 231);
insert into DANGKI (IDMo, MaSinhVien) values (15, 245);
insert into DANGKI (IDMo, MaSinhVien) values (12, 173);
insert into DANGKI (IDMo, MaSinhVien) values (4, 231);
insert into DANGKI (IDMo, MaSinhVien) values (10, 357);
insert into DANGKI (IDMo, MaSinhVien) values (14, 17);
insert into DANGKI (IDMo, MaSinhVien) values (3, 275);
insert into DANGKI (IDMo, MaSinhVien) values (1, 215);
insert into DANGKI (IDMo, MaSinhVien) values (10, 186);
insert into DANGKI (IDMo, MaSinhVien) values (14, 399);
insert into DANGKI (IDMo, MaSinhVien) values (5, 433);
insert into DANGKI (IDMo, MaSinhVien) values (20, 100);
insert into DANGKI (IDMo, MaSinhVien) values (1, 430);
insert into DANGKI (IDMo, MaSinhVien) values (18, 5);
insert into DANGKI (IDMo, MaSinhVien) values (4, 167);
insert into DANGKI (IDMo, MaSinhVien) values (6, 82);
insert into DANGKI (IDMo, MaSinhVien) values (3, 338);
insert into DANGKI (IDMo, MaSinhVien) values (17, 163);
insert into DANGKI (IDMo, MaSinhVien) values (19, 355);
insert into DANGKI (IDMo, MaSinhVien) values (5, 428);
insert into DANGKI (IDMo, MaSinhVien) values (20, 18);
insert into DANGKI (IDMo, MaSinhVien) values (12, 119);
insert into DANGKI (IDMo, MaSinhVien) values (4, 246);
insert into DANGKI (IDMo, MaSinhVien) values (12, 117);
insert into DANGKI (IDMo, MaSinhVien) values (18, 394);
insert into DANGKI (IDMo, MaSinhVien) values (5, 87);
insert into DANGKI (IDMo, MaSinhVien) values (12, 96);
insert into DANGKI (IDMo, MaSinhVien) values (6, 247);
insert into DANGKI (IDMo, MaSinhVien) values (9, 336);
insert into DANGKI (IDMo, MaSinhVien) values (20, 307);
insert into DANGKI (IDMo, MaSinhVien) values (8, 281);
insert into DANGKI (IDMo, MaSinhVien) values (3, 19);
insert into DANGKI (IDMo, MaSinhVien) values (20, 19);
insert into DANGKI (IDMo, MaSinhVien) values (12, 236);
insert into DANGKI (IDMo, MaSinhVien) values (1, 333);
insert into DANGKI (IDMo, MaSinhVien) values (2, 219);
insert into DANGKI (IDMo, MaSinhVien) values (2, 364);
insert into DANGKI (IDMo, MaSinhVien) values (13, 9);
insert into DANGKI (IDMo, MaSinhVien) values (13, 439);
insert into DANGKI (IDMo, MaSinhVien) values (20, 69);
insert into DANGKI (IDMo, MaSinhVien) values (11, 424);
insert into DANGKI (IDMo, MaSinhVien) values (7, 105);
insert into DANGKI (IDMo, MaSinhVien) values (4, 193);
insert into DANGKI (IDMo, MaSinhVien) values (9, 362);
insert into DANGKI (IDMo, MaSinhVien) values (16, 305);
insert into DANGKI (IDMo, MaSinhVien) values (2, 5);
insert into DANGKI (IDMo, MaSinhVien) values (12, 296);
insert into DANGKI (IDMo, MaSinhVien) values (6, 129);
insert into DANGKI (IDMo, MaSinhVien) values (15, 13);
insert into DANGKI (IDMo, MaSinhVien) values (12, 145);
insert into DANGKI (IDMo, MaSinhVien) values (10, 30);
insert into DANGKI (IDMo, MaSinhVien) values (16, 99);
insert into DANGKI (IDMo, MaSinhVien) values (1, 285);
insert into DANGKI (IDMo, MaSinhVien) values (19, 343);
insert into DANGKI (IDMo, MaSinhVien) values (17, 214);
insert into DANGKI (IDMo, MaSinhVien) values (15, 129);
insert into DANGKI (IDMo, MaSinhVien) values (5, 264);
insert into DANGKI (IDMo, MaSinhVien) values (10, 95);
insert into DANGKI (IDMo, MaSinhVien) values (14, 291);
insert into DANGKI (IDMo, MaSinhVien) values (15, 151);
insert into DANGKI (IDMo, MaSinhVien) values (4, 406);
insert into DANGKI (IDMo, MaSinhVien) values (6, 288);
insert into DANGKI (IDMo, MaSinhVien) values (2, 143);
insert into DANGKI (IDMo, MaSinhVien) values (19, 280);
insert into DANGKI (IDMo, MaSinhVien) values (15, 172);
insert into DANGKI (IDMo, MaSinhVien) values (11, 411);
insert into DANGKI (IDMo, MaSinhVien) values (1, 432);
insert into DANGKI (IDMo, MaSinhVien) values (13, 52);
insert into DANGKI (IDMo, MaSinhVien) values (7, 212);
insert into DANGKI (IDMo, MaSinhVien) values (10, 24);
insert into DANGKI (IDMo, MaSinhVien) values (16, 444);
insert into DANGKI (IDMo, MaSinhVien) values (14, 425);
insert into DANGKI (IDMo, MaSinhVien) values (6, 297);
insert into DANGKI (IDMo, MaSinhVien) values (2, 24);
insert into DANGKI (IDMo, MaSinhVien) values (8, 65);
insert into DANGKI (IDMo, MaSinhVien) values (20, 160);
insert into DANGKI (IDMo, MaSinhVien) values (19, 417);
insert into DANGKI (IDMo, MaSinhVien) values (3, 29);
insert into DANGKI (IDMo, MaSinhVien) values (18, 387);
insert into DANGKI (IDMo, MaSinhVien) values (9, 331);
insert into DANGKI (IDMo, MaSinhVien) values (5, 323);
insert into DANGKI (IDMo, MaSinhVien) values (1, 162);
insert into DANGKI (IDMo, MaSinhVien) values (8, 393);
insert into DANGKI (IDMo, MaSinhVien) values (15, 372);
insert into DANGKI (IDMo, MaSinhVien) values (6, 61);
insert into DANGKI (IDMo, MaSinhVien) values (20, 293);
insert into DANGKI (IDMo, MaSinhVien) values (12, 378);
insert into DANGKI (IDMo, MaSinhVien) values (8, 324);
insert into DANGKI (IDMo, MaSinhVien) values (15, 235);
insert into DANGKI (IDMo, MaSinhVien) values (4, 83);
insert into DANGKI (IDMo, MaSinhVien) values (20, 292);
insert into DANGKI (IDMo, MaSinhVien) values (8, 321);
insert into DANGKI (IDMo, MaSinhVien) values (5, 173);
insert into DANGKI (IDMo, MaSinhVien) values (7, 114);
insert into DANGKI (IDMo, MaSinhVien) values (4, 250);
insert into DANGKI (IDMo, MaSinhVien) values (17, 208);
insert into DANGKI (IDMo, MaSinhVien) values (20, 242);
insert into DANGKI (IDMo, MaSinhVien) values (3, 335);
insert into DANGKI (IDMo, MaSinhVien) values (14, 8);
insert into DANGKI (IDMo, MaSinhVien) values (9, 228);
insert into DANGKI (IDMo, MaSinhVien) values (20, 327);
insert into DANGKI (IDMo, MaSinhVien) values (4, 197);
insert into DANGKI (IDMo, MaSinhVien) values (4, 437);
insert into DANGKI (IDMo, MaSinhVien) values (5, 114);
insert into DANGKI (IDMo, MaSinhVien) values (10, 251);
insert into DANGKI (IDMo, MaSinhVien) values (3, 188);
insert into DANGKI (IDMo, MaSinhVien) values (13, 228);
insert into DANGKI (IDMo, MaSinhVien) values (5, 295);
insert into DANGKI (IDMo, MaSinhVien) values (2, 335);
insert into DANGKI (IDMo, MaSinhVien) values (2, 431);
insert into DANGKI (IDMo, MaSinhVien) values (8, 403);
insert into DANGKI (IDMo, MaSinhVien) values (20, 349);
insert into DANGKI (IDMo, MaSinhVien) values (12, 302);
insert into DANGKI (IDMo, MaSinhVien) values (12, 135);
insert into DANGKI (IDMo, MaSinhVien) values (14, 324);
insert into DANGKI (IDMo, MaSinhVien) values (11, 176);
insert into DANGKI (IDMo, MaSinhVien) values (7, 27);
insert into DANGKI (IDMo, MaSinhVien) values (11, 434);
insert into DANGKI (IDMo, MaSinhVien) values (18, 131);
insert into DANGKI (IDMo, MaSinhVien) values (13, 436);
insert into DANGKI (IDMo, MaSinhVien) values (17, 388);
insert into DANGKI (IDMo, MaSinhVien) values (6, 145);
insert into DANGKI (IDMo, MaSinhVien) values (7, 24);
insert into DANGKI (IDMo, MaSinhVien) values (20, 326);
insert into DANGKI (IDMo, MaSinhVien) values (17, 442);
insert into DANGKI (IDMo, MaSinhVien) values (7, 133);
insert into DANGKI (IDMo, MaSinhVien) values (11, 37);
insert into DANGKI (IDMo, MaSinhVien) values (10, 233);
insert into DANGKI (IDMo, MaSinhVien) values (2, 163);
insert into DANGKI (IDMo, MaSinhVien) values (6, 393);
insert into DANGKI (IDMo, MaSinhVien) values (11, 291);
insert into DANGKI (IDMo, MaSinhVien) values (10, 360);
insert into DANGKI (IDMo, MaSinhVien) values (7, 127);
insert into DANGKI (IDMo, MaSinhVien) values (12, 215);
insert into DANGKI (IDMo, MaSinhVien) values (3, 364);
insert into DANGKI (IDMo, MaSinhVien) values (16, 338);
insert into DANGKI (IDMo, MaSinhVien) values (19, 279);
insert into DANGKI (IDMo, MaSinhVien) values (2, 280);
insert into DANGKI (IDMo, MaSinhVien) values (1, 391);
insert into DANGKI (IDMo, MaSinhVien) values (1, 408);
insert into DANGKI (IDMo, MaSinhVien) values (1, 10);
insert into DANGKI (IDMo, MaSinhVien) values (14, 371);
insert into DANGKI (IDMo, MaSinhVien) values (6, 295);
insert into DANGKI (IDMo, MaSinhVien) values (1, 67);
insert into DANGKI (IDMo, MaSinhVien) values (17, 70);
insert into DANGKI (IDMo, MaSinhVien) values (13, 138);
insert into DANGKI (IDMo, MaSinhVien) values (3, 56);
insert into DANGKI (IDMo, MaSinhVien) values (3, 282);
insert into DANGKI (IDMo, MaSinhVien) values (4, 32);
insert into DANGKI (IDMo, MaSinhVien) values (6, 432);
insert into DANGKI (IDMo, MaSinhVien) values (11, 280);
insert into DANGKI (IDMo, MaSinhVien) values (19, 290);
insert into DANGKI (IDMo, MaSinhVien) values (1, 26);
insert into DANGKI (IDMo, MaSinhVien) values (10, 293);
insert into DANGKI (IDMo, MaSinhVien) values (16, 46);
insert into DANGKI (IDMo, MaSinhVien) values (2, 197);
insert into DANGKI (IDMo, MaSinhVien) values (7, 430);
insert into DANGKI (IDMo, MaSinhVien) values (14, 332);
insert into DANGKI (IDMo, MaSinhVien) values (16, 411);
insert into DANGKI (IDMo, MaSinhVien) values (7, 335);
insert into DANGKI (IDMo, MaSinhVien) values (6, 24);
insert into DANGKI (IDMo, MaSinhVien) values (8, 175);
insert into DANGKI (IDMo, MaSinhVien) values (9, 291);
insert into DANGKI (IDMo, MaSinhVien) values (3, 108);
insert into DANGKI (IDMo, MaSinhVien) values (5, 434);
insert into DANGKI (IDMo, MaSinhVien) values (18, 45);
insert into DANGKI (IDMo, MaSinhVien) values (9, 329);
insert into DANGKI (IDMo, MaSinhVien) values (20, 356);
insert into DANGKI (IDMo, MaSinhVien) values (7, 189);
insert into DANGKI (IDMo, MaSinhVien) values (7, 262);
insert into DANGKI (IDMo, MaSinhVien) values (19, 28);
insert into DANGKI (IDMo, MaSinhVien) values (11, 78);
insert into DANGKI (IDMo, MaSinhVien) values (12, 103);
insert into DANGKI (IDMo, MaSinhVien) values (1, 167);
insert into DANGKI (IDMo, MaSinhVien) values (17, 163);
insert into DANGKI (IDMo, MaSinhVien) values (18, 63);
insert into DANGKI (IDMo, MaSinhVien) values (2, 52);
insert into DANGKI (IDMo, MaSinhVien) values (5, 113);
insert into DANGKI (IDMo, MaSinhVien) values (15, 120);
insert into DANGKI (IDMo, MaSinhVien) values (13, 71);

